:020000040800F2
:1000000010100724710300089DA90008779D0008BF
:1000100055A90008A90D0008FDCC0008000000004B
:10002000000000000000000000000000B102000815
:10003000E9160008000000000D030008DDB4000808
:100040008B0300088B0300088B0300088B03000858
:100050008B0300088B0300088B0300088B03000848
:100060008B0300088B0300088B0300088B03000838
:100070006D1200088B030008891200088B0300082A
:100080008B0300088B0300088B030008B91E0008CF
:10009000C51E00088B0300088B0300088B030008B3
:1000A0008B0300088B0300088B0300088B030008F8
:1000B0008B0300088B0300088B0300088B030008E8
:1000C0008B0300088B0300088B0300088B030008D8
:1000D0008B030008A9CB0008B5CB00088B030008F0
:1000E0008B0300088B030008000000008B0300084E
:1000F0008B0300088B0300088B0300088B030008A8
:100100008B0300088B03000891B600088B030008DE
:1001100009C2000815C200089DB60008A9B600086B
:10012000A51200088B0300088B0300088B0300084E
:100130008B030008ED1600088B0300088B030008F2
:1001400000000000000000000000000000000000AF
:100150008B0300088B0300088B0300088B03000847
:100160008B0300088B0300088B0300088B03000837
:100170008B0300088B0300088B03000800000000BD
:100180008B0300088B0300088B0300088B03000817
:100190008B0300088B0300088B0300088B03000807
:1001A0008B0300088B0300088B0300088B030008F7
:1001B0008B0300088B0300088B0300088B030008E7
:1001C0008B0300088B0300088B0300088B030008D7
:1001D0008B0300088B0300088B0300088B030008C7
:1001E0008B0300088B0300088B0300088B030008B7
:1001F0008B0300088B0300088B0300088B030008A7
:100200008B0300088B0300088B0300088B03000896
:100210008B0300088B0300088B0300088B03000886
:100220008B0300088B0300088B030008000000000C
:100230008B0300088B030008000000008B030008FC
:100240008B0300088B0300088B0300088B03000856
:100250008B0300088B0300088B0300088B03000846
:100260008B0300088B0300088B0300088B03000836
:100270008B0300088B0300088B03000800000000BC
:100280008B0300088B0300088B03000800000000AC
:10029000000000008B030008DFF810D000F034FBF2
:1002A00000480047B10D0108AFF30080101007248B
:1002B0002C4B19680868B0E8F04F80F30988BFF349
:1002C0006F8F4FF0000080F311887047000000002E
:1002D00008480068006880F308884FF0000080F349
:1002E000148862B661B6BFF34F8FBFF36F8F00DF24
:1002F00000BF00BF08ED00E0DFF80C00016841F42A
:1003000070010160704700BF88ED00E0EFF30980E5
:10031000BFF36F8F134B1A681EF0100F08BF20ED4C
:10032000108A20E9F04F106009B44FF0500080F3BC
:100330001188BFF34F8FBFF36F8F15F0B3FC4FF0F1
:10034000000080F3118809BC19680868B0E8F04F14
:100350001EF0100F08BFB0EC108A80F30988BFF3BD
:100360006F8F704710010024EFF305807047000085
:100370000648804706480047FEE7FEE7FEE7FEE73F
:10038000FEE7FEE7FEE7FEE7FEE7FEE7B5B500089D
:10039000990200082DE9F05F0546002092469B4631
:1003A00088460646814640241BE02846414647468B
:1003B000224600F0A8F853465A46C01A914110D37D
:1003C00011461846224600F08FF82D1A67EB0108F7
:1003D0004F4622460120002100F086F817EB000965
:1003E0004E41201EA4F10104DFDC484631462A4676
:1003F0004346BDE8F09F0000004870474C6C010880
:100400000649074A0868504343F23902104408601D
:100410004008704701490860704700004802042402
:100420006D4EC64110B5431A934209D283188818FD
:1004300003E010F8011D03F8011D521EF9D210BD92
:1004400040EA01039B0703D009E008C9121F08C056
:10045000042AFAD203E011F8013B00F8013B521ED6
:10046000F9D210BDD2B201E000F8012B491EFBD237
:1004700070470022F6E710B513460A4604461946AF
:10048000FFF7F0FF204610BD30B5044600200346BC
:1004900000E05B1C934203D2E05CCD5C401BF8D0D3
:1004A00030BD70B506460CF017FD046805460A22FB
:1004B0000021304600F037F82C6070BD30B50B4697
:1004C000014600202022012409E021FA02F59D4284
:1004D00005D303FA02F5491B04FA02F52844151E58
:1004E000A2F10102F1DC30BD202A04DB203A00FA3F
:1004F00002F1002070479140C2F1200320FA03F37B
:10050000194390407047202A04DB203A21FA02F078
:100510000021704721FA02F3D040C2F1200291403D
:100520000843194670472DE9F04791460F4680462B
:100530000446002614F8015B2DB1FFF75DFF00684B
:10054000405DC007F6D12B2D02D02D2D18D0641E92
:100550004A463946204600F0FBF927B13968A142E6
:1005600001D1C7F8008071054FF002040BD540425D
:10057000002803DD0CF0B0FC0460A007BDE8F087A4
:1005800046F48066E4E70028F8DA0CF0A5FC046085
:100590006FF00040F2E72DE9FE4F804681EA03004C
:1005A000C00F0C46009021F0004123F00045B8EB4D
:1005B0000200A94105D24046214690461C460B4602
:1005C000024623F00040104347D0270DC7F30A002E
:1005D000C3F30A510290401A019040286BDAC3F32A
:1005E000130040F4801B0098924620B10023D2EB08
:1005F000030A63EB0B0B01985946C0F140025046C9
:10060000FFF772FF06460D4650465946019A00F024
:100610008DF910EB08006141002487EA115284EA49
:10062000E7731A4340D0009A62B3019A012A4FEA55
:10063000075215DC001B61EB02014FF0004202EA99
:100640000752CDE90042001C41F5801132462B468D
:1006500000F0DCF903B0BDE8F08F40462146F9E731
:10066000001B61EB0201001C41F5801300185B4187
:100670002018A2F5001747EB030140EAD570B61920
:100680006D4111E06D084FEA360645EAC0754FEA44
:100690000752001B61EB0201001C41F58011490863
:1006A0004FEA30000019514132462B4603B0BDE8F5
:1006B000F04F00F09CB90098012240000023D0EBDD
:1006C000020263EBE073009821464FEAE074B8EB56
:1006D000000061EB0401E9E783F000435BE781F090
:1006E000004158E72DE9FE4F81EA030404F000447D
:1006F00021F0004100944FF0000B23F0004350EA3A
:1007000001045ED052EA03045BD0C3F30A54C1F380
:100710000A552C44A4F2F3340194A0FB0254C1F313
:10072000130141F48011C3F3130343F4801301FB5D
:10073000024400FB034E840A970A44EA815447EAC4
:100740008357A4FB076802958D0A05FB07854FEACE
:10075000932C04FB0C542705029D4FEA065847EAE8
:100760001637B5EB08056EEB070C870E920E47EABD
:10077000811742EA8312A7FB0201B6EB0B0164EB7F
:1007800000042B0D43EA0C335E1844EB1C50DA4690
:100790005146E7FB0201C5F313044FEA0B3343EA6A
:1007A00014534FEA0432019C43EA0603A4F10C04FB
:1007B0000294009CCDE900B400F028F903B0BDE834
:1007C000F08F00200146F9E72DE9F04D81EA03049E
:1007D00004F0004B21F0004514464FF0000A23F0CE
:1007E000004150EA050220D054EA01021DD0C5F3B1
:1007F0000A570246C5F31303C1F31300C1F30A56A7
:1008000040F4801543F48013A7EB0608101BD6466E
:1008100008F2FD3873EB050002D308F1010801E08E
:1008200092185B41B8F1000F03DA00200146BDE8E1
:10083000F08D00204FF48011064684460EE0171B11
:1008400073EB050705D3121B63EB050306434CEA64
:10085000010C49084FEA300092185B4150EA010749
:10086000EDD152EA030012D082EA040083EA0501C6
:10087000084305D0101BAB4106D20122002306E03D
:1008800000224FF0004302E06FF0010253101AEB18
:1008900006004CEB085110EB0A0041EB0B01BDE8E0
:1008A000F04D00F0A4B8C1F30A52C1F3130140F2B5
:1008B000FF3341F480119A4202DA0020014670476A
:1008C00040F233439A42A2F2334202DC5242FFF733
:1008D0001ABEFFF709BE000030B5041E71F1000416
:1008E00004DB4FF00044404264EB0101141E73F13D
:1008F000000405DB1C464FF00043524263EB040347
:10090000994208BF904230BD064C074D06E0E068B2
:1009100040F0010394E8070098471034AC42F6D346
:10092000FFF7BEFCB06C0108E06C0108202A06DB72
:10093000CB17203A41FA02F043EAE07306E041FAAD
:1009400002F3D040C2F1200291400843194670479B
:100950002DE9F05F82460078002715468B460AF1A4
:100960000104B946302801D09DB113E014F8010B01
:100970000127782803D0582801D045B10AE00DB1ED
:10098000102D07D10027102514F8010B02E00825CF
:1009900000E00A250026B0460EE005FB080005FB36
:1009A00006F1012701EB10461FFA80F8B6F5803FEB
:1009B00000D3B94614F8010B294600F075F8002859
:1009C000EBDABBF1000F05D00FB1641E00E0544616
:1009D000CBF80040B9F1000F06D00CF07DFA0221EF
:1009E0000160C81EBDE8F09F48EA0640FAE710B56E
:1009F000141E73F1000408DA401C41F10001921842
:100A00005B411A4301D120F0010010BD2DE9F04DEA
:100A100092469B4611B1B1FA81F202E0B0FA80F23F
:100A200020329046FFF760FD04460F4640EA0A0078
:100A300041EA0B0153465A46084313D0114653EA84
:100A4000010019D0C8F140025046FFF75CFD054691
:100A50000E46504659464246FFF746FD084305D02C
:100A6000012004E020463946BDE8F08D0020054312
:100A700046EAE0762C4337430A986305E40AA0EB84
:100A800008000022FD0A44EA47540A3002D500203B
:100A90000146E9E7010510196941DDE9084500193A
:100AA0006941BDE8F04DA2E73A2800D2303820F085
:100AB0002002412A01D3A2F13700884201D34FF02E
:100AC000FF30704770B58C1810F8015B15F0070304
:100AD00001D110F8013B2A1106D110F8012B03E0D7
:100AE00010F8016B01F8016B5B1EF9D12B0705D4DF
:100AF0000023521E0DD401F8013BFAE710F8013B28
:100B0000CB1A921C03E013F8015B01F8015B521E43
:100B1000F9D5A142D8D3002070BD000070B53A4984
:100B200005460068884202D0384A904202D1D1F886
:100B3000080302E03648D0F8080310F4403F11D013
:100B400006F094FE04466868B0F5803F06D0B0F524
:100B5000003F03D0B0F5403F27D101E0000C18E082
:100B6000A40822E000214FF4002005F0E9FE04462D
:100B700068688103890B18D181140C2915D2DFE82C
:100B800001F0140606060606060B0D0F1113800C65
:100B90004000B4FBF0F408E0240906E0640904E036
:100BA000A40902E0E40900E0240A05F047FB41F251
:100BB0000301884208D8174884422868816813D8FE
:100BC00021F48071816070BD13496008884204D8A7
:100BD0002868816821F44071F4E71049884206D8FA
:100BE0002868816821F4407141F48071EAE70C497A
:100BF00088422868816804D821F4407141F400716A
:100C0000E0E741F44071DDE70020024000210240AE
:100C100000600258002D3101105E5F0020BCBE0054
:100C200040787D0170B50446007A0D461D2876D2C5
:100C3000DFE800F0750F24272A2D303336393C3F8A
:100C40004245484B4E5154575A5D606366696C6F1C
:100C500073006089012801D038B160E03B4800781A
:100C600001F058FA0AF0AEFB59E0284604F0F8F912
:100C700000286AD0BDE8704001F0F8B86089A8602B
:100C80004DE06089E8604AE0A07A287447E0A07AE5
:100C9000687444E0A07AA87441E0608968613EE02D
:100CA0006089A8613BE06089E86138E0608928627A
:100CB00035E06089686232E06089A8622FE060896F
:100CC000E8622CE06089286329E06089686326E097
:100CD0006089A86323E06089E86320E06089286474
:100CE0001DE0608968641AE06089A86417E0608983
:100CF000E86414E06089286511E0608968650EE0A9
:100D00006089A8650BE06089E86508E0608928666D
:100D100005E060890004686601E06089A8662089B2
:100D20001D2812D1608901280FD1284604F098F9B6
:100D300008B101F09BF8284604F070FC08B101F0FE
:100D400095F8BDE870400AF03DBB70BD000200247C
:100D500013B500980288A2F54073FE3B10D0A2F5AF
:100D60004073FD3B0CD00E4B5A18147934B11179F5
:100D700081808AB201210AF051F804E01A6822B198
:100D8000818000F045F800201CBD002181800548CD
:100D9000D0F804080B460A46694615F09DF9F2E7BB
:100DA000A01D042470200424FEE7F0B5044605AF1E
:100DB000DDE9085097E840501227048081800381C4
:100DC0004681A0F80CC0A0F80EE0C27105824780F1
:100DD000F0BD00001CB5074A0523141D10705170AA
:100DE00005A1CDE90034094813464FF4007215F00F
:100DF00007FC1CBDCC010024534156455F434F4EB8
:100E00004649475F444154410000000089AC000856
:100E10002DE9F84F81780446C01DC91F0CF0A2FDD2
:100E2000A179814203D04FF0FF30BDE8F88FE0791F
:100E30000127FD4D0026142871D2FC4B4FF6FF729E
:100E4000DFF8EC934FF0FF0CFA49DFF8ECA367D220
:100E5000DFE800F06696A7B70A1E364D677BF96695
:100E6000F3F2F1FCCAE1EFEE2088D5F804118842D4
:100E700006D0E089D5F80411884201D090424FD1C4
:100E8000208A012801D0286870E02089286008E0C5
:100E9000208A012808D120896189884204D1C5F8B7
:100EA00004010AF08FFA02E0D5F804015EE0D5F8FB
:100EB0000401002100F580602080A2882046A7E080
:100EC000D5F804312046E189994201D09142D6D12A
:100ED000018A012902D0D5F8081115E08168BCEB20
:100EE000116F03D00029FCD0C5F8081162E1D5F8D4
:100EF00004312046E189994201D09142BFD1018A53
:100F0000012903D0D5F80C11816053E18168BCEB55
:100F1000116FEBD00029E9D0C5F80C114AE15BE173
:100F200012E0D5F804312046E189994201D091427E
:100F3000A5D1018A012902D0D5F8101164E02089D9
:100F4000002801D0C5F810015EE12088D5F8041111
:100F5000884206D0E089D5F80411884201D0904239
:100F6000F2D1208A012803D0D5F8140120819EE710
:100F7000208900289BD0C5F814010BF05DFE96E790
:100F80002088D5F804C1604506D0E089D5F8045121
:100F9000A84201D09042D7D11E602079C8700F714D
:100FA00032E12088D5F80431984206D0E089D5F89E
:100FB0000431984201D09042C6D1207908704F7018
:100FC00022E121882046D5F80431994206D0C18912
:100FD000D5F80431994201D091421BD10781468155
:100FE0008681C6810782E5E0218A2046012909D150
:100FF000018911B1012903D004E0C5F8386101E08D
:10100000C5F83871D5F838110181D3E08288002104
:1010100009F004FFF8E089488849083106600E604D
:10102000D5F8380150B1D5F83801012808D00AE0C8
:1010300073E060E00AE034E03CE051E0804800E02A
:1010400080480DF097FD05F045FADDE02289204645
:1010500012B1012A02D002E08E7100E08F71027994
:10106000CA7101220096438903E0009C1444009455
:10107000521C9342F9DADAF800C0009C644503D1AF
:10108000CAF800304F7109E0D5F8041101F580610C
:10109000018007810021828809F0C0FE89F8006084
:1010A000B2E099F80000012819D1204609F054FC5B
:1010B0002781FCE62681D5F80401002100F5806037
:1010C0002080A288204609F0A9FE5F4806605F489C
:1010D000CAF8006006605E48066089F8007093E018
:1010E000D5F804318021204603F5806323802781D1
:1010F000618122828AE7218A2046012906D0D5F81B
:1011000030118160D5F83411C16053E08168C5F8B1
:101110003011C168C5F834114CE094F808C00222BF
:1011200020461CF0FF0C09D0BCF1010F3DD0BCF1F2
:10113000030F45D0BCF1040F66D147E02069D5F814
:101140003031834260D16069D5F8343183425BD15C
:10115000E089D5F80431834256D1D5F8300118B36F
:10116000D5F83001401C4FD0E069D5F808318342F2
:101170000ED1A369D5F80C619E4209D1236AD5F836
:1011800010619E4204D1A389D5F814619E423BD0E0
:10119000C5F80801A069C5F80C01206AC5F810015E
:1011A000A089C5F814014A702EE04189A1F590523A
:1011B000343A29D1D5F8041101F58061018025E781
:1011C000608908B11F601FE01E601DE0608908B1E2
:1011D0008F6019E08A6017E0204609F0D1FF0028EF
:1011E0003FF423AE20460AF0EFFD0028F8D0204659
:1011F00001F000F80028F3D0204601F099F900280A
:10120000EED0E079142801D000200EE6208ADFF825
:101210004480012827D121890F48002941461DD04B
:101220000F6001221CE00000A01D042480010024A6
:10123000240204248C6904241402042400F00724EA
:101240000000040800000A080C0204242002042400
:101250001002042478010024001402580E600022B9
:10126000012104F0E6FFD8F800007FE604480549B4
:101270000088C0EB001001EBC000783802F0DEB946
:10128000F201002498B30424044805490088C0EB07
:10129000001001EBC000783802F0D0B9F201002450
:1012A00098B30424014802F0C9B90000409A04240C
:1012B000294A016891423AD0274A1832914236D0E1
:1012C000254A3032914232D0234A483291422ED0C0
:1012D000214A603291422AD01F4A7832914226D068
:1012E0001D4A9032914222D01B4AA83291421ED010
:1012F0001A4A91421BD0194A1832914217D0174A04
:101300003032914213D0154A483291420FD0134ADD
:10131000603291420BD0114A7832914207D00F4A85
:101320009032914203D00D4AA832914211D1CAB2F3
:101330001823103AB2FBF3F26FF30901032A02F00B
:101340000703074AD25CC26500D9091D81650846BA
:10135000704721F0FF01F9E710000240100402403D
:10136000746A010830B5224A012301689142CAB269
:101370001BD01F4C1434A14217D01D4C2834A1425D
:1013800013D01B4C3C34A1420FD0194C5034A14215
:101390000BD0174C6434A14207D0154C7834A142CD
:1013A00003D0134C8C34A1420CD11421114C083AB7
:1013B000B2FBF1F10F4A803201F01F0504EB81010D
:1013C000AB4010E00C4D1824103A0D44B2FBF4F180
:1013D000A82D00D80831094A01F01F0402EB810151
:1013E000064AA3408032603080E80E0030BD000025
:1013F0000854025800580258F0FBFDBF0008024094
:1014000010B50279531E072B2DD8174C0168A14245
:101410001BD0154C1434A14217D0134C2834A142D0
:1014200013D0114C3C34A1420FD00F4C5034A14288
:101430000BD00D4C6434A14207D00B4C7834A14240
:1014400003D0094C8C34A14203D10849074C4431E4
:1014500002E00749064C443104EB8202C0E91B213B
:1014600001219940416710BD08540258FC580258A8
:10147000FC08024010B583694FF0C074826A0146CF
:10148000002053B1B3F5005F15D072B1012A0CD022
:10149000022A0AD0032A09D104E01AB1012A06D08F
:1014A000022A03D1C96AC90100D5012010BDC96A49
:1014B000A142FAD010BD002AF7D0012AF2D0022AA8
:1014C000F3D0032AF3D010BD2DE9F04F804E804FAA
:1014D000DFF8FC911836DFF8F8A148370468856D0D
:1014E0000AF1300ADFF8ECB14C45DFF8ECC1DFF867
:1014F000ECE16DD0B4426BD0544569D0BC4267D0AA
:10150000DFF8D081A8F11808444561D05C455FD070
:1015100064455DD074455BD0DFF8C481444557D045
:10152000DFF8BC8108F11808444551D0DFF8B081DC
:1015300008F1300844454BD0DFF8A48108F1480891
:10154000444545D0DFF8988108F1600844453FD014
:10155000DFF88C8108F17808444539D0DFF88081C4
:1015600008F19008444533D0DFF8748108F1A808E9
:1015700044452DD0DFF86C81444529D0DFF86481E3
:1015800008F11408444523D0DFF8588108F12808F1
:1015900044451DD0DFF84C8108F13C08444517D084
:1015A000DFF8408108F15008444511D0DFF834815C
:1015B00008F1640844450BD0DFF8288108F1780869
:1015C000444505D0DFF81C8108F18C08444509D159
:1015D000D0E91948C4F80480C46E1CB1D0E91C4895
:1015E000C4F8048004684C452ED0B4422CD0544535
:1015F0002AD0BC4228D0374E183EB44224D05C4595
:1016000022D0644520D074451ED0354EB4421BD044
:10161000334E1836B44217D0314E3036B44213D060
:101620002F4E4836B4420FD02D4E6036B4420BD008
:101630002B4E7836B44207D0294E9036B44203D0B0
:10164000274EA836B44215D190F85C603F2406F0CE
:101650001F06B440AC600468256825F48025256029
:101660002EE09A600068C160BDE8F08F9960006864
:10167000C260F9E71B4EB4421BD01A4E1436B44276
:1016800017D0184E2836B44213D0164E3C36B4420A
:101690000FD0144E5036B4420BD0124E6436B442C2
:1016A00007D0104E7836B44203D00E4E8C36B4427A
:1016B000DAD190F85C60012406F01F06B4406C603B
:1016C000046863608368402B0368CFD1C9E70000DA
:1016D0001000024088000240A0000240B800024012
:1016E000100402400854025870470000014802F0FC
:1016F00045BF00007410042470B5A2B00646002453
:101700004FF4C36001258DF80F5002238DF81D4062
:1017100069038DF80E5009948DF81F400D9020201C
:101720008DF804508DF8325042028DF860500691C9
:101730004FF040518DF8384002948DF861408DF89B
:101740001C408DF828408DF862408DF80C400B94B9
:101750008DF81E500F948DF8115012948DF8404062
:101760008DF831408DF8124014948DF85640179042
:10177000304616938DF8205005928DF854408DF820
:1017800030408DF81050009169468DF80D408DF86D
:10179000554011948DF84C5000F04CFA1B9568059B
:1017A0008DF871404FF406718DF8685019948DF8DA
:1017B00080408DF870401F908DF878401D90304625
:1017C0008DF88140219119A900F0DAF922B070BD9D
:1017D0000020704704F038BD024810B503F0E4F96A
:1017E000002010BD7410042413460A460146044824
:1017F00010B503F029F9002801D04FF0FF3010BDDB
:101800007410042413460A460146044810B503F038
:10181000CFFA002801D04FF0FF3010BD741004241F
:101820002DE9F04F836A00F1180593468C68002774
:101830001E46B94655F82320D2F80CC0BCF1000F63
:101840007EDB05EB830CDCF814C0BCF1000F77D114
:1018500091F800C05FEA4C7C43D5D2F80CC0D1F8B7
:1018600024806FF30F0C4CEA080CC2F80CC0D2F8BD
:101870000CC04CF4803CC2F80CC0D0F800C0DCF8BE
:10188000608048F48018CCF8608091F800C05FEA6E
:101890000C7C26D5B1F82C80D2F808C068F31F4C18
:1018A000C2F808C0D2F80CC04CF4003CC2F80CC01E
:1018B000D2F80CC0D1F830802CF4402C4CEA080C43
:1018C000C2F80CC0D0F800C0DCF8648048F480187E
:1018D000CCF864800068D0F850C04CF0806CC0F840
:1018E00050C00878C0060BD59068D1F818C06FF3C7
:1018F0000D0040EA0C009060D06840F08060D0603D
:10190000087810F0140F1ED0D06840F08040D060EE
:10191000BFF35F8FD0685B1C042B40F00040D060A9
:1019200000D31B1F012755F82320D06800280ADAAE
:1019300055F82600BFF35F8FC16821F0004100E039
:10194000A3E0C160A1E0206810609068D4F804C0F2
:101950006FF30D0040EA0C009060DFF820827F1CDE
:10196000A0684FF0000A50B1044600685060D2F8F9
:1019700008C0A0880CEA080C4CEA004004E0C2F859
:1019800004A0906800EA080090600878C006D0685B
:1019900012D5B1F820C020F4F00040EACC40D0606D
:1019A000D068D1F81CC06FF3110040EA0C00D06081
:1019B000D06840F480201BE0D1F804C06FF30E0023
:1019C00040EA0C00D0600878C00707D0D068D1F892
:1019D00014C020F4403040EA0C00D0600878800643
:1019E00007D5D068D1F810C020F0406040EA0C0064
:1019F000D0600878400707D59068D1F828C020F457
:101A0000404040EA0C009060D06840F00050D06048
:101A1000D06820F08040D060BFF35F8FD06840F086
:101A20000040D060087880077ED5D068D1F80CC01F
:101A300020F0607040EA0C007AE0D0685B1C042B58
:101A400020F08050D06000D31B1F55F82320D068B1
:101A500020F00050D060D068002803DB05EB830045
:101A60004069A8B155F8261000200CE0BFF35F8F45
:101A7000CA68761C042E22F00042CA6000D3361FCA
:101A8000401C55F82610B842F0D30220BDE8F08F74
:101A9000A468206810609068D4F804C06FF30D004B
:101AA00040EA0C009060A0687F1C58B104460068B2
:101AB0005060D2F808C0A0880CEA080C4CEA00403C
:101AC000906007E0C2F804A0D2F808C00CEA080C45
:101AD000C2F808C00878C006D0680AD5D1F81CC082
:101AE0006FF3110040EA0C00D060D06840F4802011
:101AF00010E0D1F804C06FF30E0040EA0C00D06093
:101B00000878C00707D0D068D1F814C020F440305E
:101B100040EA0C00D06009F10109BFF35F8FD06883
:101B200040F00040D06000E003E0D06820F080404A
:101B3000D060A068002880D19068BBF1000F02D06F
:101B400040F0004001E020F000409060D06840F09C
:101B50008050D06005EB8300696A4161EFF310802B
:101B6000012181F310882B6109F10101AA6A114456
:101B700080F310880020A96288E70000FFFF00C002
:101B8000F0B5026847F6020E274E4DF2010702F546
:101B90008052264DD1F800C01368254C23EA0E036D
:101BA00043EA0C0313600B79026891F80CE002F52C
:101BB0008052D1F808C01B0343EACE3343EA0C033A
:101BC000D2F804C02CEA070C4CEA030CC2F804C09B
:101BD00002684F7B02F580520B6A43EA0747D2F84E
:101BE000003133403B43C2F8003102680B7D02F5FF
:101BF000805291F81DC00F69D2F804611B0143EABD
:101C00000C332E403B431E43C2F8046100680B7F37
:101C100000F580508A69D0F8081142EAC372214069
:101C20001143C0F80811F0BD00C0FEFFEFEFC0FF88
:101C3000FFFFC07FF0B50B790C7B0F688A68DB066D
:101C40004D7B43EAC4533A438E7B1A43CF7B91F8D2
:101C500010C042EA855242EA4652BCF1000F42EA05
:101C600007537CD000224C7C002C43EAC24278D03F
:101C700000238E7C0D7F42EA43428F7FD1E90534F9
:101C800042EA06424E7F1A43224342EA0532002FBF
:101C900042EAC62466D00022CD7F91F8203044EA83
:101CA0008222002B42EA45227ED0002504684B6A3E
:101CB00042EA052291F82870464D1A43CE6A2368FD
:101CC00042EA071232432B401343236091F83C2031
:101CD00091F8383091F8305091F83140520642EA8C
:101CE000036291F8326042EA854242EA4444BEB35C
:101CF00000220368384E4F6B44EA02425C683A4364
:101D000040F20F15344014435C60036891F8406062
:101D10004C6CDA6844EA0624AA432243DA6091F85C
:101D200054300A6D91F84C4042EA4302ECB300246F
:101D30000368B1F848504FF60D76E7011C6F47EA8B
:101D400005452A43344014431C67026891F8563015
:101D500091F8555052F8904F43EA450303E02BE0C9
:101D600032E02BE02CE024F003041C4314600268F2
:101D70008C6DD2F8003D23F072032343C2F8003D7E
:101D800091F86020CC6D1AB35FF00003026891F8FF
:101D9000615091F8621044EA8310D2F8303D2C0172
:101DA00044EAC101084301E00CE00FE023F07B01AD
:101DB0000143C2F8301DF0BD012254E7012358E76A
:101DC000012269E7012571E7012292E70124AFE7CB
:101DD0000123DBE7838004000080F8C02DE9F84F81
:101DE00004464FF00108002000904FF04149D4E92B
:101DF0001A574FF0014A04EB8500866C1CE03069ED
:101E000030B9684602F082FE009840B1306130601F
:101E1000B8F1000F10D0A06D20B1484603E04FF09C
:101E2000000809E05046F0606D1C042D00D32D1F02
:101E30007F1E04EB8500866C17B1B8F1000FDED170
:101E4000E06EB84210D0E81C00F00300BFF35F8FD3
:101E5000216800EB4000226901F5805102EBC000CF
:101E6000C1F82801C4E91A57BDE8F88F72B6FEE739
:101E7000002200F001B800000E4B70B505465C7AF8
:101E80000120002C14D15E7A03F108009C555E7A83
:101E900003EB860675605D7A2A54587A421C5A72A2
:101EA0003A232F22303008704B7020468A70CC7055
:101EB00070BD000004F00624014803F01FBA0000C2
:101EC000C80D0424014803F019BA0000680E042468
:101ED000F0B503684FF6FC716D4C426BD3F884503B
:101EE0008D4345EA8205C3F88450036853F8845F44
:101EF000068F25F47F0545EA06451D60836B654D19
:101F00009F180268D2F888308B4343EA8703C2F8EF
:101F10008830026852F8883F868F23F4FE0343EA34
:101F200006431360066856F8A03FC26B8B4307EB6D
:101F3000420243EA82033360076857F8A03FB0F8D3
:101F4000406023F4FE0343EA06433B60D0E91036C9
:101F500003FB06220368D3F8B0608E4346EA82068C
:101F6000C3F8B0600368B0F84860D3F8B07027F4E5
:101F7000FE0747EA0646C3F8B060D0E91267036877
:101F800006FB0722D3F8AC608E4346EA8206C3F80C
:101F9000AC60D0E91467036806FB0722D3F8F06051
:101FA0008E4346EA8206C3F8F0600368B0F85860D2
:101FB000D3F8F07027F47C1747EA0646C3F8F060C0
:101FC0000368876D53F8C06F02EB47028E4346EA01
:101FD000820119600168B0F85C20D1F8C03023F4A8
:101FE0007C1343EA0242C1F8C020016890F86020E7
:101FF000D1F8C03023F07C5343EA0262C1F8C0201C
:10200000416B04EB8101C166826B01EB82020267C6
:10201000C36B02EBC3024267D0E91034634302EBA7
:1020200083028267D0E91234634302EB8302C26702
:10203000D0E91434634302EB8302C0F88020836D3F
:1020400002EBC303C0F88430C46D826E544303EBCB
:102050008403C0F88830046E544303EB8402C0F854
:102060009020AA420AD9D0F89C20032142F02002F5
:10207000C0F89C2080F898100120F0BD002200E0FC
:1020800004C1D0F890308B42FAD80020F0BD000097
:1020900000AC0040FCD30040F0B58E680C69D1E97B
:1020A000005744EA0604DFB145F080452C43866EB4
:1020B000D1E906C54F695E4391F8203045EA0C0529
:1020C000B1F80CC0D0F884E0002047EA0363104F59
:1020D0001D430EEB860345EA0C45E3E8024511E09B
:1020E00044EA8544E3E71418155CA67894F803C025
:1020F00094F801E0360445EA0C6446EA0E252C43C8
:10210000001D10C3CC683C5D8442ECD8F0BD0000DB
:102110007C6A01082DE9F04701284FF000014FF4D7
:1021200040764FF001044FF009054FF01E0C4FF0C0
:1021300004024FF00F084FF020094FF012034FF048
:10214000100A2BD002284AD12748264F076000F1F9
:102150001407C0E9026104744FF4A06641748174ED
:1021600087E83010C0F82C800562C0E90942C0E958
:102170000C268263C0E91131C0E91331C0E9153181
:10218000C0E9171AC0E91913C0E90F2903F046FA8C
:10219000002824D0BDE8F047FFF768BE1448134F6D
:1021A000076000F11407C0E902610474417481748E
:1021B00087E83010C0F82C800562C0E90942C0E908
:1021C0000C218263C0E91131C0E91331C0E9153136
:1021D000C0E9171AC0E91913C0E90F29D6E7BDE80D
:1021E000F087000000A40040680E042400A0004016
:1021F000C80D042410B5C1794FF0FF3318290DD153
:1022000001890B4A29B94189012901D0022905D147
:1022100011701178012903D0022903D0184610BD8E
:10222000044900E00449FEF7FDFC002010BD000059
:1022300000020024C80D0424680E042430B5842450
:102240000D4BCD0744EA002007D0DC6824F4E66497
:10225000DC60DC6814430443DC6089070BD5D3F8E9
:102260000C1121F4E661C3F80C11D3F80C111143E1
:102270000143C3F80C1130BD00200052CB431D4A6E
:102280009B0720D0CB070AD0D36823F03003D3605C
:10229000D3680343D360D36843F08803D3608907CE
:1022A00010D5D2F80C1121F03001C2F80C11D2F87F
:1022B0000C110143C2F80C11D2F80C0140F0880057
:1022C000C2F80C017047D16821F03001D160D2F81A
:1022D0000C1121F03001C2F80C11D1680143D1601A
:1022E000D2F80C110143C2F80C11906940F01000B3
:1022F00090617047002000522DE9F04704250E46FA
:10230000804603F0A1FF022E814600D1274DDFF861
:10231000A0A0284C05EA0A0777B3D4F8100125EAF3
:1023200000004000D0B1012E2AD02349D4F810017A
:10233000084040F00040410026D020498A6910EA58
:102340000A0F42EA00028A6101D1606103E020F0D5
:102350000040C4F814010120BDE8F087B8F1FF3F48
:10236000DAD003F071FFA0EB0901414502D8B8F1C2
:10237000000FD1D10320EFE7206925EA0000D1E763
:102380000F4920690840D6E7012E4FF4803007D06E
:10239000D4F81011C90301D5C4F814010020DBE7FB
:1023A0002169C903FAD56061F8E7000004000080E4
:1023B000F0FF10E0002000520000EE97D419042432
:1023C0000000EE170B460146184613F033B9000023
:1023D0001C4900B585B0D1F80411082201F58061CF
:1023E000ADF800101221ADF802104178ADF80410DC
:1023F0000F218DF807100021ADF808101249496827
:10240000B2EB116F18D111490078496801F01F0231
:102410008A1A203210B1012803D007E00C490123A9
:1024200001E00C490123084800F03EF8BDF8042003
:102430000021684608F0F2FC002013F025FB05B0EF
:1024400000BD0000A01D042408020024080204248A
:102450000000040800000A080346114830B585B0A2
:102460000C46D0F804214FF6FF700E4902F5806249
:1024700095B202220D8001900290CDE903010090F7
:1024800028462178FEF791FC22780021054808F0C3
:10249000C5FC05B01420BDE8304013F0CFBA0000F1
:1024A000A01D0424940100242DE9F0411F46164686
:1024B0000D468046C80634D103F0C6FC284600F01D
:1024C00071F8194C2060A819064600F06BF82268D4
:1024D000014616484FF0200C891A491C6160002300
:1024E000C0F810C0C0E90221C0E9003704F10801BA
:1024F00003F0A8FB08B107F03EFC2C4609E0611B85
:1025000001EB08022146012003F03EFC38B107F040
:1025100032FCA642F3D8BDE8F04103F01DBC2034E4
:10252000F7E7BDE8F0810000B801002478690424D1
:1025300010B5C17986B00446192905D01A2918D0DA
:102540004FF0FF3006B010BD14216846FDF791FF33
:102550001422684604F10801FDF764FF206A694609
:1025600003F04CFD00990122206A89B203F061FE5C
:1025700014E0207A90B9A189206989B203F054FE51
:1025800000B1012060720648D0F80401002100F576
:1025900080602080A288204608F040FC0020D1E71F
:1025A000A01D04240721A0F100634FF400329342E0
:1025B00003D3A0F10163934201D200213AE01E4B04
:1025C0000344934203D31D4B0344934201D20121A0
:1025D00030E01B4B0344934203D31A4B0344934212
:1025E00001D2022126E0184B0344934203D3174B38
:1025F0000344934201D203211CE0154B0344934250
:1026000003D3144B0344934201D2042112E0124B32
:102610000344934203D3114B0344934201D2052157
:1026200008E00F4B0344934203D30E4B0344934201
:1026300000D20621084670470000FEF70000EEF7C2
:102640000000FCF70000ECF70000FAF70000EAF7E2
:102650000000F8F70000E8F70000F6F70000E6F7E2
:102660000000F4F70000E4F72DE9F0470F4690F87A
:1026700050109AB0044601294FF0000915D00026E9
:10268000DFF8F880012084F850001596169621682E
:1026900041450ED13A4D0095284607F007FC824689
:1026A000206807F003FC60B10EE002201AB0BDE81C
:1026B000F087606D84F8506040F020006065012074
:1026C000F4E7BAF1000F09D0616D4FF0010941F054
:1026D00020006065484684F85060E7E7206841467E
:1026E000884201D0A84201D1264800E0264840F6A1
:1026F0001F72D7F800C0254BBCF1000F23D0D0F8D3
:1027000008C0D7F804802CF4404C4CEA080CC0F800
:1027100008C0D4F800C08C4501D0AC4507D1896809
:10272000AB6801F0010103F00103194302E099686D
:1027300001F001010029CDD1BD68396883682943C2
:102740009343194317E0876827F440478760276859
:102750008F4201D0AF4207D18968AB6801F0010117
:1027600003F00103194302E0996801F00101002917
:10277000B0D1816891438160ACE700000020024045
:10278000002102400023024000630258006002580A
:102790002DE9F84F0446EB4E0020DFF8ACB3009073
:1027A000002794F850000D46DFF8A0A3012808D0B8
:1027B0004FF0010984F85090206807F073FB18B1BE
:1027C00071E10220BDE8F88F286800280EDB21683F
:1027D0000303CA6928D090FAA0F0B0FA80F000BFD5
:1027E00000F01F0309FA03F00243CA61D5E90012A1
:1027F0004FF00C0C20681F23C1F384610CEA921C7B
:1028000002F01F02604493409140026B9A430A43D6
:102810000263206807F046FB8046206807F03EFB15
:1028200058EA000003D08DE0C0F38460D8E72A683E
:10283000042320684FF0070CA96803EAD253184418
:102840004369C2F304520CFA02FC914023EA0C03E0
:102850000B434361BE490968B9EB117F06D121687A
:102860006869C968C1F38201490008E02068C1684D
:10287000C906C1686869F5D501F0100149088840AA
:10288000296904292ED023682A6803EB810102F00C
:10289000F8420B6E024303F0004010430866697E65
:1028A00022682869012917D05FF0000102EB80003F
:1028B000026E22F000420A430266297E20682A69DD
:1028C00001290CD00021036902F01F02914023F47A
:1028D000F0420A43026135E04FF00041E6E74FF471
:1028E0000061F0E720682978026E02F0F842B2EB4E
:1028F000816F03D1016E21F00041016620682978C3
:10290000426E02F0F842B2EB816F03D1416E21F0CA
:102910000041416620682978826E02F0F842B2EBED
:10292000816F03D1816E21F0004181662068297892
:10293000C26E02F0F842B2EB816F03D1C16E21F09A
:102940000041C1662068816811F0010F72D150F812
:10295000C03F2A7BDFF8FCC1296802F018022CFA7C
:1029600002FCC1F3130823EA08030CEA010C43EA52
:102970000C030360E96859456CD177482268DFF899
:10298000DCC1DFF8DCB18242DFF8D8E17648774B72
:10299000DFF8DC8122D12968614524D0B1EB4C0CF1
:1029A00038D0A1F1496CBCF1080C35D0A1F1865C9E
:1029B000BCF1100C32D0DFF8BCC1614528D07145A4
:1029C0003AD0814230D0994232D06B48814201D115
:1029D0006A4831E041452ED169482DE0B2422AD102
:1029E0002968614501D1012026E0A1F1066CBCF106
:1029F000040C0FD0A1F1496CBCF1080C0CD0A1F172
:102A0000865CBCF1100C09D0DFF868C1614507D1C4
:102A10005C4811E058460FE05B480DE05B480BE076
:102A2000714509D0814201D1184605E09942D1D1C2
:102A3000574801E03CE00020D16903031AD090FA26
:102A4000A0F0B0FA80F000BF00F01F0309FA03F015
:102A50000143D161D5F800C0BCF1000F28DA3E4B2C
:102A600020684C49DFF83091984201D0B04203D140
:102A70000A4602E0800EE7E74A469268984202F072
:102A8000E07201D0B04209D19D68D6F8088005F007
:102A9000010508F0010845EA080503E0DAF80850E6
:102AA00005F001054DB1606D012740F02000606523
:102AB000002084F85000384684E6384DAC451CD1DF
:102AC00015021AD45045F3D1984202D0B04200D03A
:102AD00049468B6842F4000023F0E07202438A60AA
:102AE00030492F480968B1FBF0F04000801C00E03D
:102AF000401E00900028FBD1DAE72B4DAC450CD1ED
:102B0000D5010AD45045D3D1984202D0B04200D06A
:102B100049468B6842F080700EE0244DAC45C7D129
:102B20005502C5D45045C3D1984202D0B04200D01E
:102B300049468B6842F4800023F0E07202438A60C9
:102B4000B6E70000002102400000FF470060025885
:102B50000010005CFFFF0F00002002400200300464
:102B6000400020190004002A0008302E00106032B6
:102B70000000844B2000F014000021430000524765
:102B80000000B84F0002B0258000501D00018021D8
:102B9000002090360023024000630258000084CBDE
:102BA000400D0300B4000024000052C70000B8CF5D
:102BB000F8B54FF0000604003546009602D0606D6F
:102BC00010B107E00120F8BD204600F005F9A66528
:102BD00084F8506020688168C1F3407119B1816840
:102BE000704A1140816020688168C1F3007181B929
:102BF00081686D4A114041F0805181606C496B4899
:102C00000968B1FBF0F0401C00E0401E0090002875
:102C1000FBD120688168C1F3007141B9616D012564
:102C200041F010016165A16D41F00101A16507F05E
:102C300039F9616DC90600D420B1606D012540F0FD
:102C4000100093E0606D20F4807040F00200606539
:102C50002068816811F0010F1FD1564A564B9042EF
:102C600001D0984207D191689E6801F0010106F0F9
:102C70000106314303E05149896801F0010161B95E
:102C8000904201D0984201D14D4800E04D48826801
:102C9000616822F47C120A43826003F0CFFA41F2A9
:102CA0000301884202D9A06810280CD0617D227FE0
:102CB000A368206B490341EA024118430843217F7E
:102CC00001290CD010E0607D227F216B400340EA97
:102CD000024241F01000104340F00C00EFE7218C5D
:102CE000394A02EB41410843616A29B1A26A01F401
:102CF0007871014342EA01002168344BCA681A40E6
:102D00000243CA60206807F0CDF80646206807F045
:102D1000C5F830431DD1216844F20303267DE26AE1
:102D2000C86842EA863298431043C86094F8380075
:102D300001281ED02068016921F00101016120688D
:102D4000626B016921F07041114301612046FDF77A
:102D5000E5FEE068012820681CD0016B21F00F011E
:102D60000163606D20F0020040F0010060652846BC
:102D7000F8BD2068A28F164FD4E9101C154E07EB42
:102D80000247A36C026941EA0C013B4332401943FC
:102D90001143D3E7A269016B521E21F00F011143C9
:102DA000DEE70000C0FFFF5FC0FFFF7F400D0300B4
:102DB000B4000024002002400021024000600258BC
:102DC00000230240006302580000FEFF03C0F0FF32
:102DD0000100FFFF1EF800FC70B5B6B004461421D8
:102DE00030A8FDF746FBC0216846FDF742FB1D49B0
:102DF0002068884234D10022089202201446072617
:102E0000CDE90602CDE90460192309924FF40021AF
:102E100029924FF4FC7568468DE82E0003F0F4FE0D
:102E200008B1FFF723F81048016841F02001016064
:102E3000006800F0200035900B480830016841F030
:102E400020010160006830AA032100F020003590C5
:102E50004FF4006082E81300044830A903F0CEF874
:102E600036B070BD00200240D84402580014025809
:102E70002DE9F84F044603F0E7F900903CB194F8CF
:102E80003500022806D0802161650020E4E00120A1
:102E9000BDE8F88FC74DC74EC64918352068303693
:102EA000DFF81483DFF814938842DFF814A3DFF807
:102EB00014B32ED0A8422CD0B0422AD0404528D0FE
:102EC000484526D0504524D0584522D0BD4A183216
:102ED00090421ED0BC4A90421BD0BB4A183290424E
:102EE00017D0B94A3032904213D0B74A4832904294
:102EF0000FD0B54A603290420BD0B34A783290423C
:102F000007D0B14A9032904203D0AF4AA8329042E3
:102F100009D1026822F01E0202602068426922F094
:102F20008002426103E0026822F00E02026027681C
:102F30008F4238464DD0A8424BD0B04249D0404590
:102F400047D0484545D0504543D0584541D09D4A8B
:102F5000183290423DD09C4A90423AD09A4A183258
:102F6000904236D0984A3032904232D0964A483217
:102F700090422ED0944A603290422AD0924A7832BF
:102F8000904226D0904A9032904222D08E4AA83267
:102F900090421ED08D4A90421BD08C4A14329042EF
:102FA00017D08A4A2832904213D0884A3C32904245
:102FB0000FD0864A503290420BD0844A64329042FD
:102FC00007D0824A7832904203D0804A8C329742AE
:102FD00004D1206E026822F4807202607549206874
:102FE000884228D0A84226D0B04224D0404522D0E2
:102FF000484520D050451ED058451CD07149183145
:10300000884218D07049884215D06F4918318842DB
:1030100011D06D49303188420DD06B49483188421A
:1030200009D069496031884205D0674978318842C2
:1030300001D065499031016821F0010101600EE085
:1030400003F002F90099401A052808D92022626588
:103050000321002084F8351084F8340017E738681D
:10306000C007EDD1534A0121206890422ED0A842DA
:103070002CD0B0422AD0404528D0484526D05045D3
:1030800024D0584522D04F4B183398421ED04E4B77
:1030900098421BD04C4B1833984217D04A4B3033D0
:1030A000984213D0484B483398420FD0464B603378
:1030B00098420BD0444B7833984207D0424B903320
:1030C000984203D0404BA833984208D194F85C70E2
:1030D0003F23A06D07F01F07BB40836007E094F813
:1030E0005C30A06D03F01F0301FA03F34360206816
:1030F00090424DD0A8424BD0B04249D0404547D035
:10310000484545D0504543D0584541D02D4A183206
:1031100090423DD02C4A90423AD02B4A18329042ED
:1031200036D0294A3032904232D0274A4832904233
:103130002ED0254A603290422AD0234A78329042DB
:1031400026D0214A9032904222D01F4AA832904283
:103150001ED01E4A90421BD01C4A1432904217D0F7
:103160001A4A2832904213D0184A3C3290420FD06B
:10317000164A503290420BD0144A6432904207D023
:10318000124A7832904203D0104A8C3290420BD1CE
:10319000D4E919024260E06E30B1026822F4807214
:1031A0000260D4E91C024260002084F8351084F8E3
:1031B00034006DE6100002405800024070000240EA
:1031C00088000240A0000240100402400854025847
:1031D0002DE9F05F28B190F83510022904D0802144
:1031E00041650120BDE8F09F904C904B0168183C70
:1031F00018338E4ADFF83C92A1428D4CDFF838E25A
:103200008E4FDFF83CB2DFF83CA28F4D8F4E31D0AD
:1032100091422FD099422DD0A1422BD0494529D09F
:10322000714527D0B94225D0DFF810C20CF1180C37
:1032300061451FD0DFF808C2ACF1600C614519D0C0
:10324000DFF8FCC1ACF1480C614513D0DFF8F0C1E8
:10325000ACF1300C61450DD0DFF8E4C1ACF1180CD5
:10326000614507D0594505D0514503D0A94201D049
:10327000B1422CD1DFF8B4C14FF0040880F835809A
:10328000ACF1180C61451DD091421BD0994219D068
:10329000A14217D0494515D0714513D0B94211D07C
:1032A0006648183081420DD065486038814209D0A7
:1032B00063484838814205D061483038814201D0A6
:1032C0005F481838086820F001000860ABE0D1F8CA
:1032D00000C02CF00E08DFF854C1C1F80080ACF13A
:1032E000180C0168614527D0914225D0994223D01E
:1032F000A14221D049451FD071451DD0B9421BD0F4
:10330000DFF838C10CF1180C614515D0DFF830C179
:10331000ACF1600C61450FD0DFF824C1ACF1480C72
:10332000614509D0DFF818C1ACF1300C614503D01C
:10333000DFF80CC1ACF1180CD1F800C02CF0010C76
:10334000C1F800C0DFF8E4804FF0010C0168A8F17B
:103350001808414546D0914244D0994242D0A142FA
:1033600040D049453ED071453CD0B9423AD0334A6D
:103370001832914236D0324A603A914232D0304AC5
:10338000483A91422ED02E4A303A91422AD02C4AC5
:10339000183A914226D0594524D0514522D0A9420D
:1033A00020D0B1421ED02A4A91421BD0284A143262
:1033B000914217D0264A2832914213D0244A3C32F7
:1033C00091420FD0224A503291420BD0204A6432AF
:1033D000914207D01E4A7832914203D01C4A8C3267
:1033E000914218D1016E0A6822F480720A6090F846
:1033F0005C20816D02F01F020CFA02F24A60D0E9F3
:1034000019124A60C16E31B10A6822F480720A60F2
:10341000D0E91C124A600022016D80F835C080F8A6
:10342000342001B188470020DCE60000280002407B
:10343000580002407000024088000240A000024094
:103440007004024088040240A0040240B804024014
:10345000085402582DE9F05F04007DD06D4A6D4B91
:103460006C491832206830336B4E6C4F8842DFF85D
:10347000B0C1DFF8B081DFF8B091DFF8B0A1DFF8BC
:10348000B0B1DFF8B0E121D090421FD098421DD0FA
:10349000B0421BD0B84219D0604517D0404515D076
:1034A000484513D0504511D058450FD070450DD028
:1034B000604D1835A84209D05E4D3035A84205D080
:1034C0005C4D4835A84201D05A4D6035056825F05D
:1034D0000105056020680025884227D0904225D04C
:1034E000984223D0B04221D0B8421FD060451DD0B1
:1034F00040451BD0484519D0504517D0584515D0E8
:10350000704513D04B49183188420FD049493031AA
:1035100088420BD047494831884207D0454960313D
:10352000884203D043497831884218D1212105606F
:1035300020684560206885602068C5602068056156
:10354000206841612046FDF7B3FE94F85C203F21DE
:1035500002F01F02914000E059E0816031E03649FD
:1035600088421BD034491431884217D0324928315F
:10357000884213D030493C3188420FD02E49503117
:1035800088420BD02C496431884207D02A497831CF
:10359000884203D028498C31884238D105602068A0
:1035A0004560206885602068C56020680561204608
:1035B000FDF77EFE94F85C20012102F01F0291408D
:1035C00041602046FDF7CEFE206E18B10560D4E9BB
:1035D000190141606068401E072807D82046FDF7A2
:1035E0000FFFE06E0560D4E91C014160E5662567C8
:1035F0006567E56325646564A564E56425656565BF
:1036000084F83550002084F83450BDE8F09F012044
:10361000FBE700001000024058000240700002402A
:1036200088000240A0000240B8000240100402409E
:103630002804024040040240085402582DE9FC5F6F
:103640000446F74E0020DFF8D88300904FF416525E
:10365000F44808F11808A56DDFF8C493DFF8C0A39B
:10366000016809F1300920680AF1480AB1FBF2F15A
:10367000B04201912F68D5F800C0DFF8ACB335D067
:103680004146884232D0484530D050452ED058452A
:103690002CD0E5491831884228D0E349303188429E
:1036A00024D0E1494831884220D0E04988421DD0E9
:1036B000DE491831884219D0DC493031884215D0B2
:1036C000DA494831884211D0DFF860E30EF1600E2C
:1036D00070450BD0D54A7832904207D0D34B903307
:1036E000984203D0D149A83188427DD194F85C201A
:1036F000082102F01F0201FA02F23A424AD0B04217
:1037000032D0404530D048452ED050452CD0584579
:103710002AD0C54A1832904226D0C34A303290424D
:1037200022D0C14A483290421ED0C04A90421BD09B
:10373000BE4A1832904217D0BC4A3032904213D061
:10374000BA4A483290420FD0B84A603290420BD009
:10375000B64A7832904207D0B44A9032904203D0B1
:10376000B24AA832904203D1026802F0040202E099
:10377000026802F008026AB1026822F004020260E4
:1037800094F85C0000F01F008140A960606D40F07B
:103790000100606594F85C00012100F01F00814089
:1037A000394240D02068B04234D0404532D04845FC
:1037B00030D050452ED058452CD09B4A18329042DC
:1037C00028D0994A3032904224D0974A48329042C9
:1037D00020D0964A90421DD0944A1832904219D077
:1037E000924A3032904200E0AFE113D08F4A483223
:1037F00090420FD08D4A603290420BD08B4A783283
:10380000904207D0894A9032904203D0874AA8322A
:1038100090427DD1406910F0800F04D0A960606DA6
:1038200040F00200606594F85C00042100F01F0085
:10383000814039423ED02068B04232D0404530D03D
:1038400048452ED050452CD058452AD0764A1832BB
:10385000904226D0744A3032904222D0724A483286
:1038600090421ED0714A90421BD0704A183290424A
:1038700017D06E4A3032904213D06C4A4832904290
:103880000FD06A4A603290420BD0684A7832904238
:1038900007D0664A9032904203D0644AA8329042E0
:1038A0004ED1006810F0020F04D0A960606D40F0A6
:1038B0000400606594F85C00102100F01F00814056
:1038C000394258D02068B04234D0404532D04845C3
:1038D00030D050452ED058452CD0534A1832904203
:1038E00028D0514A3032904224D04F4A4832904238
:1038F00020D04E4A90421DD04C4A1832904219D0E6
:103900004A4A3032904215D0484A4832904200E04C
:1039100014E00FD0454A603290420BD0434A7832CF
:10392000904207D0414A9032904203D03F4AA83299
:10393000904207D1006800F0080006E0006872E7D6
:103940000068B7E7006800F00400A0B1A960206833
:103950000168490304D50068000308D5A16C07E09D
:103960000168C90503D4016821F008010160216CD8
:1039700009B12046884794F85C00202100F01F0020
:103980008140394279D02068B04232D0404530D0B1
:1039900048452ED050452CD058452AD0224A1832BE
:1039A000904226D0204A3032904222D01E4A4832DD
:1039B00090421ED01D4A90421BD01C4A18329042A1
:1039C00017D01A4A3032904213D0184A48329042E7
:1039D0000FD0164A603290420BD0144A783290428F
:1039E00007D0124A9032904203D0104AA832904237
:1039F00003D1006800F0100002E0006800F002004F
:103A0000B0B3A96094F835000428206801680FD08D
:103A100049037ED5006800032BD4616C2AE00000C6
:103A200010000240B4000024700002401004024064
:103A300021F0160101602068416921F08001416197
:103A4000206C08B9A06C20B12068016821F0080141
:103A5000016094F85C303F21012003F01F03002235
:103A60009940A96084F8350084F83420216D65E020
:103A700003E0E16B09B120468847606D00287DD0E6
:103A8000606DC00759D02068042184F83510B04219
:103A90002BD0404529D0484527D0504525D0584502
:103AA00023D09D49884220D09B49183188421CD0A0
:103AB00099493031884218D09849884215D09749A1
:103AC0001831884211D09549303188420DD0934940
:103AD0004831884209D091496031884205D08F49E8
:103AE0007831884201D08D499031016821F001017F
:103AF000016020680099019A491C0091914202D806
:103B00000168C907F6D10068C00710D003200FE094
:103B1000FFE70168C905ACD403680121002223F046
:103B20001003036084F8351084F83420A1E70120E5
:103B300084F83500002084F83400E16C00291DD0A1
:103B400002B02046BDE8F05F0847754988421DD0A5
:103B500073491431884219D071492831884215D0EF
:103B60006F493C31884211D06D49503188420DD0A7
:103B70006B496431884209D0694900E084E07831BA
:103B8000884203D066498C3188427DD194F85C80AC
:103B90000427016808F01F0807FA08F717EA0C0F56
:103BA000009746D04F0744D500980F04686003D5AE
:103BB000C8033CD4A16CC1E7880638D42068B04261
:103BC0002DD055496039884229D0484527D05045E5
:103BD00025D0584523D05049884220D04E4918312D
:103BE00088421CD04C493031884218D04B49884219
:103BF00015D04A491831884211D04849303188429D
:103C00000DD046494831884209D0704507D09042CE
:103C100005D0984203D04149A831884203D10168B8
:103C200021F0080102E0016821F004010160216C2B
:103C300084E7022707FA08F717EA0C0F00974ED01F
:103C40008F074CD500980F04686003D5C80344D48F
:103C5000616C73E7880640D42068B0422FD02E49AB
:103C6000603988422BD0484529D0504527D0584547
:103C700025D02949884222D02749183188421ED0B0
:103C800025493031884200E044E018D02349884279
:103C900015D022491831884211D02049303188424C
:103CA0000DD01E494831884209D0704507D0904256
:103CB00005D0984203D01949A831884203D1016840
:103CC00021F0140102E0016821F00A0101600121E4
:103CD00084F83510002084F83400E16B2EE70822C8
:103CE00002FA08F212EA0C0F14D0090712D5016883
:103CF00021F00E01016094F85C100120002201F017
:103D00001F0100FA01F16960606584F8350084F8EC
:103D1000342012E7BDE8FC9F8800024010040240F6
:103D2000085402582DE9F05F044602F08DFA002C89
:103D300007467DD0E34E022120684FF00308DFF8EC
:103D400088934FF00005DFF884A3B042DFF880B31A
:103D500034D0DC4A1832904230D048452ED05045FD
:103D60002CD058452AD0DA4A1832904226D0D84A68
:103D70003032904222D0D64A483290421ED0D54AA4
:103D800090421BD0D34A1832904217D0D14A3032D9
:103D9000904213D0CF4A483290420FD0CD4A603281
:103DA00090420BD0CB4A7832904207D0C94A903229
:103DB000904203D0C74AA83290427DD184F8351092
:103DC000B04284F834502ED0BE49183188422AD0EF
:103DD000484528D0504526D0584524D0BC491831F4
:103DE000884220D0BA49303188421CD0B849483185
:103DF000884218D0B749884215D0B6491831884250
:103E000011D0B449303188420DD0B249483188428E
:103E100009D0B0496031884205D0AE497831884236
:103E200001D0AC499031016821F00101016008E046
:103E300027E100BF02F008FAC01B052801D92021A4
:103E40001CE120680068C007F4D104F10800216873
:103E5000D4E9053C8E4685C809681043D4E9072893
:103E60001F43636A38439C4F40EA0C0010433940BB
:103E700040EA0800042B40EA010003D1D4E90B1208
:103E800011430843954909686FF30F01B1F1005FD1
:103E90000FD36168A1F12902052A08D9163A032A2D
:103EA00005D9083A012A02D94F39032901D840F42B
:103EB0008010CEF8000000E023E02068676A4069C7
:103EC000042F20F0070047EA00070DD1D4E90A01CA
:103ED000074349B12046FDF7CDFA28B1402060657F
:103EE000012184F83510CCE0206847612046FDF7B9
:103EF000DFF994F85C203F2102F01F0291408160BD
:103F000054E0774A90421BD0754B1433984217D037
:103F1000734B2833984213D0714B3C3398420FD0E7
:103F20006F4B503398420BD06D4B6433984207D09F
:103F30006B4B7833984203D0694B8C3398427DD1D8
:103F400084F8351084F83450664B0168A26801EAA1
:103F5000030E402A73D0802A72D00022D4E903785D
:103F6000D4E9053142EAD70242EAD8085C4AD4E9EA
:103F7000077C48EAD30848EAD10141EAD701524216
:103F800041EA1C11142341EA0E010160206810442B
:103F9000B0FBF3F08000E0652046FDF789F994F866
:103FA0005C20012102F01F02914041602068B04274
:103FB00057D044491831884253D0484551D05045D4
:103FC0004FD058454DD042491831884249D04049D8
:103FD0003031884245D03E494831884241D03D4940
:103FE00088423ED03B49183188423AD03949303175
:103FF000884236D037494831884232D0354960311D
:1040000088422ED03349783188422AD031499031C4
:10401000884226D02F49A831884222D03049884290
:104020001FD02F49143188421BD02D492831884296
:1040300017D02B493C31884213D002E01DE017E035
:1040400018E02749503188420BD025496431884215
:1040500007D023497831884203D021498C318842E6
:1040600029D12046FDF77EF9A06880280CD00CE00D
:10407000102273E74FF4804270E74021616584F8B5
:1040800035800120BDE8F09F6560216E20790860D1
:10409000D4E9190141606068401E072808D820460D
:1040A000FDF7AEF9E06E0560D4E91C01416002E065
:1040B000E566256765670120656584F835000020A1
:1040C000E0E70000100002404000024058000240BB
:1040D00070000240100402403F8010FE0010005C9F
:1040E000085402580F00FEFF2DE9F84F04008C46DB
:1040F0004FF00000009014D094F83400012812D042
:1041000094F835500120002184F83400012D0CD0A2
:10411000C00260650120009084F834100098BDE86A
:10412000F88F0120FBE70220F9E78C4D022620687A
:1041300084F83560A8428A4D61658A4E8A4FDFF85F
:104140002C82DFF82C92DFF82CA2DFF82CB226D0DC
:10415000A84224D0B04222D0B84220D040451ED040
:1041600048451CD050451AD0584518D0834988423C
:1041700015D082491831884211D0804930318842A7
:104180000DD07E494831884209D07C49603188424F
:1041900005D07A497831884201D078499031016858
:1041A00021F00101016061462046FDF78DF96B4960
:1041B000206888422CD0A8422AD0B04228D0B842E9
:1041C00026D0404524D0484522D0504520D05845DF
:1041D0001ED06A4A90421BD0684A1832904217D0CB
:1041E000664A3032904213D0644A483290420FD02F
:1041F000624A603290420BD0604A7832904207D0D7
:104200005E4A9032904203D05C4AA83290420CD170
:10421000026822F01E0242F016020260206C88B191
:104220002068026842F008020BE0026822F00E02E9
:1042300042F00A020260206C20B12068026842F05D
:1042400004020260206888424BD0A84249D0B042A4
:1042500047D0B84245D0404543D0484541D050456D
:104260003FD058453DD0454A90423AD0434A183253
:10427000904236D0414A3032904232D03F4A4832A2
:1042800090422ED03D4A603290422AD03B4A78324A
:10429000904226D0394A9032904222D0374AA832F2
:1042A00090421ED0364A90421BD0354A143290427A
:1042B00017D0334A2832904213D0314A3C329042D0
:1042C0000FD02F4A503290420BD02D4A6432904288
:1042D00007D02B4A7832904203D0294A8C32904240
:1042E0000DD1206E0268D20303D5026842F48072B9
:1042F0000260E06E18B1026842F4807202602068C9
:10430000884226D0A84224D0B04222D0B84220D041
:1043100040451ED048451CD050451AD0584518D0AD
:104320001649884215D015491831884211D01349D1
:10433000303188420DD011494831884209D00F49A7
:104340006031884205D00D497831884201D00B494F
:104350009031016841F001010160DFE61000024088
:104360002800024040000240580002407000024015
:1043700088000240A0000240B80002401004024041
:10438000085402587047000010B500F00BF8000602
:1043900005D503484068BDE810400EF03DBB10BD98
:1043A00058000024D0F88C007047D0F8880070477F
:1043B00000297DD00268126802F00C02CA6202680D
:1043C0001268C2F3001281F828200268126802F015
:1043D00060024A620268126842F30022521C81F8AD
:1043E000202002681268C2F34022CA77026812686D
:1043F00042F38022521C8A7702681268C2F3C022FC
:104400004A7702681268C2F300320A7702681268BB
:1044100002F400528A610268126802F480424A6122
:1044200002681268C2F300428A740268126842F39A
:104430004042521C4A740268126842F3C042521C45
:104440000A7402681268C2F30052CA7302681268E2
:10445000C2F340528A7302681268C2F380524A73F0
:1044600002681268C2F3C0520A730268126802F04E
:10447000E0628A6002681268C2F3C0620A71026870
:10448000126802F0E0420A6002685268C2F30D024C
:104490004A630268526842F30042521C81F832209B
:1044A00002685268C2F3404281F83120026800E09D
:1044B00062E05268C2F3804281F83020026852689C
:1044C000C2F3006281F8382002685268C2F3446285
:1044D000CA630268D268C2F3002281F840200268F1
:1044E000D26802F00F024A640268126FC2F34002FF
:1044F00081F854200268126F42F3C012521C81F8F6
:104500004C200268126F02F070020A650268126F96
:10451000120C8A640268D2F8902002F0010281F83D
:1045200056200268D2F89020C2F3400281F855204C
:104530000268D2F8002D02F072028A650268D2F891
:10454000302D02F02302CA650268D2F8302DC2F382
:10455000C00281F862200268D2F8302DC2F3001246
:1045600081F861200068D0F8300D40F38010401CC5
:1045700081F8600000207047012070472DE9F04766
:1045800001684FF0B04A044601F58050D1F8B060A0
:10459000D0F86051D0F83471DAF8A880690608D5EF
:1045A000790606D548F24001C0F86011204600F0B7
:1045B000D1FA05EA0700C00709D0206848F20101D6
:1045C00000F58050C0F86011204600F0E7FB680459
:1045D0004FF0E0092AD5780428D5D4F88800E904FA
:1045E00040F00800C4F88800206810D5A0F6CC6020
:1045F00041F2021300F50050C26A1A40C4F88C2040
:10460000026822F440420260C4F884900BE000F596
:1046100080504FF4CD41D0F8602102F4CD42C4F86F
:104620008C20C0F860112046FFF7AEFE70044FF0FA
:10463000000501D4B00411D5D4F8881041F0100160
:10464000C4F888102168D1F8B810C4F89010C4F8E4
:1046500084902046FFF798FEC4F89050F0060BD5E2
:104660002068D0F8C00000F06000C4F89400204634
:1046700000F072F9C4F89450B0060BD52068D0F859
:10468000D00000F00F00C4F898002046FFF77AFE33
:10469000C4F898505FEA482006D54FF48001CAF864
:1046A000A810204600F082FBBDE8F087F8B50400B2
:1046B00003D0D4F8840010B107E00120F8BD202019
:1046C000C4F88400204600F0DBF86848016841F037
:1046D00002010160006800F002000090207A08B139
:1046E0004FF4000003F076FD61492068096800F589
:1046F0008050016841F00101016001F0A5FDE02654
:1047000005464FF4FA7706E001F09EFD401BB842E3
:1047100001D9042023E0206800F580500068C0071C
:10472000F2D1204600F040FA03F0A0F8514A216887
:10473000B0FBF2F0401EC1F8DC002046FCF7DCFFC5
:10474000206800F58050D0F8001121F4E01141F408
:104750000021C0F800116169880705D00120C4F864
:104760008800C4F88460A8E7206847F6FE7300F567
:104770008050D0F808219A4342EA4101C0F808115C
:1047800000210846E26800EB400504EB800302EBE1
:10479000C502116051609160D160401C04289A618B
:1047A000F0D3A1620323206800F58050C0F82C31BB
:1047B0002068E26800F58050C0F814212068E268A3
:1047C00000F58050C0F820215FF00002206902EB64
:1047D000420604EB820500EBC60001604160816087
:1047E000C160521C0161042A4161A864EED3E165F5
:1047F0002166A166E166A165206800F58050C0F8D9
:1048000030312068226900F58050C0F81C212268F0
:10481000206902F580524830C2F82801D4E900200E
:104820008088C2F80003606827688678C3780278B9
:104830004578360442EA036046EA05221043C7F889
:10484000040320680C4BD0F80C271A43C0F80C273F
:1048500020680A4BD0F810271A43C0F810271023FD
:10486000C4F88810C4F884300020F8BDF44402581D
:104870000404005840420F006000020C00C0200CED
:10488000F0B587B0044614216846FBF7F2FD2D49C8
:104890002068884254D12C48016841F400410160ED
:1048A000016801F400410591016841F48031016023
:1048B000016801F480310591016841F40031016023
:1048C000006800F4003005901F480830016841F08E
:1048D00004010160016801F004010591016841F0E3
:1048E00001010160016801F001010591016841F0D9
:1048F00002010160006802240025694600F0020000
:10490000059003260B2732208DE8F1000F4801F0B7
:1049100075FB862069468DE8F1000D4801F06EFBBD
:104920004FF4605069468DE8F1000A4801F066FBDB
:10493000002205213D2001F09BFD3D2001F08BFD73
:1049400007B0F0BD00800240D84402580008025869
:10495000000002580004025870472DE9F84F4FF04C
:10496000000704465FEA0109B84604D0D4F8840081
:1049700040285ED106E0D4F8880040F00100C4F879
:10498000880056E0E66D4FF0000BE06E04EB860108
:10499000C0F1040A8D6C39E0E868400003D568680E
:1049A000A06728686067E868800001D4E06F28B3DA
:1049B000E868800003D5C4F860B0C4F864B0E86863
:1049C000EA68616EC0F30E00D200A0EB0100009017
:1049D00003D5E9684FF00108216704F180010098D0
:1049E0002A6983B2081F00F0BBF8206E401C2066C5
:1049F000626E009810446066C5F810B0761C042EF4
:104A000000D3361F7F1C04EB8600856CE868002805
:104A100004DB574502D2B8F1000FBDD0E06EC019DB
:104A2000E06602D02046FDF7D9F9B8F1010FE6653E
:104A300002D00120BDE8F88FE26F0020C9F8002005
:104A4000C4F87CB0F6E700002DE9F04104460068A8
:104A50001E46D0F80032DB0719D1D0F8003223F01F
:104A6000787343EA415121F4F81141EA024141F0DF
:104A70000D01C0F8001201F0E7FB4FF47A7705460C
:104A800008E000BF01F0E0FB401BB84202D9012062
:104A9000BDE8F0812068D0F80002C007F2D120689C
:104AA000D0F8040280B230600020F1E72DE9F04731
:104AB00000F1180580460127D5E90A641BE000BF14
:104AC00005EB8409761ED9F81400D0B104EB44023A
:104AD000D8F80C100C2303EBC202895800290DDB17
:104AE00000F062F90021C9F81410641C042C00D3F2
:104AF000241FC5E90A640EB1002FE1D10020BDE8F2
:104B0000F087641C042CF6D3241FF4E71CB504467C
:104B10000D480CF0D7FD03000FD003F120002060FA
:104B20000A484FF4BF61186141222068CDE90001B5
:104B3000002108460EF0C6F91CBD054A01210020DF
:104B4000117020601CBD0000386A01085135010851
:104B500058000024014840680DF05EBF5800002452
:104B600010B5002442F8204C22F8184C22F8163CCC
:104B7000203A04681CB10C6822600A6004E00260FC
:104B8000FBE701891944018100680028F9D110BDB3
:104B900010B519B1D0F88420102A01D0012010BD21
:104BA000FDF748F8002010BD70B505460068D0F844
:104BB000000220F4706402F059FE1049884202D2CB
:104BC00044F4007416E00E49884202D244F4407462
:104BD00010E00C4988420DD30B49884202D244F4BC
:104BE000807407E00949884202D244F4806401E0FD
:104BF00044F4A0642868C0F8004270BDC00E1602DC
:104C00000087930300E1F50580D1F00880B2E60E3D
:104C100010B50446D0F88400102801D0012010BD42
:104C20002022C4F8842001210420A165E0662046EA
:104C3000FDF7D4F8206840224DF2C10100F5805004
:104C4000D0F8043143F00103C0F80431206800F5C6
:104C50008050D0F8083143F00103C0F808312068D3
:104C600000F58050D0F8603143F48173C0F86031B2
:104C70002068D0F8003D43F00103C0F8003D2068F3
:104C8000036843F0020303602068036843F00103F4
:104C90000360206800F58050D0F834310B43C0F831
:104CA0003431C4F88420002010BD10B5D0F8841031
:104CB000402901D0012010BD20214DF2C104C0F8CF
:104CC00084100021026802F58052D2F83431A343E7
:104CD000C2F83431026802F58052D2F8043123F070
:104CE0000103C2F80431026802F58052D2F808319B
:104CF00023F00103C2F808310268136823F00103AE
:104D000013600268D2F8003D43F00103C2F8003D91
:104D10000268136823F00203136000EB8102926CB7
:104D2000D368491C042923F08043D360F5D30022C3
:104D300082651021C0F88410104610BD10B50446DD
:104D400021B1D4F88400402805D011E0D4F88800BF
:104D500040F001000AE0486B0122E0632046FCF7C6
:104D60005FFD38B1D4F8880040F00200C4F8880034
:104D7000012010BDBFF34F8FA06A401CA062042821
:104D800001D3001FA0620146206804EB810100F5F9
:104D900080508969C0F82011002010BD014880684A
:104DA0000DF03ABE580000240EF01EBB7047000004
:104DB00070B504460068D0F80052ED071FD1D0F856
:104DC00000029BB2124D20F07870C5F8043240EA20
:104DD000415020F4F81040EA024020F00C00001D81
:104DE00040F00100C5F8000201F02EFA4FF47A7687
:104DF000054606E001F028FA401BB04201D9012027
:104E000070BD2068D0F80002C007F3D170BD00006B
:104E10000080024010B590F89830012B09D0022B89
:104E200007D0D0F89C1041F00201C0F89C1001207E
:104E300010BD03689C6D0C4203D1DC6D44F001048D
:104E400004E09C6D31EA04041FD00324DC658B056B
:104E500005D50368D3F8E0401443C3F8E0404B05A0
:104E600005D50368D3F8E4401443C3F8E440006870
:104E7000084A01EA0203446D074A1C43446510686E
:104E800040EA91701060002010BDDC6D44F0020417
:104E9000DCE70000FFFFCF3F14A8004070B50446D8
:104EA00090F89800022804D0D4F89C0040F0080044
:104EB0000DE02068D0F8C03013F07C5F0BD0D0F844
:104EC000C4309B020CD5D4F89C0040F40070C4F8A8
:104ED0009C00012070BDD4F89C0040F02000F6E753
:104EE000D0F8C400C0F3044520462B46FDF7D4F8A3
:104EF00021680120A840C1F8D000C4F89400002027
:104F000070BD7047F0B51F4C03680A68A34204D017
:104F1000D0F89C1041F0200107E090F89830012B68
:104F200007D0D0F89C1041F00401C0F89C1001207B
:104F3000F0BD1548CAB103684FF69F74124A23F0BA
:104F400040030360083205688E68D1E90373A54306
:104F500045EA06243B4323430360106849696FF325
:104F60000F00084310600020F0BD026842F04002CC
:104F700002600268898822F4702242EA01410160DD
:104F8000F1E7000000A0004004A8004070B590F8D0
:104F90009820012A09D0022A07D0D0F89C1041F0AD
:104FA0000201C0F89C10012070BD0B68CA6883B173
:104FB0000B69072A43EA427325D00C7A4A6942EA10
:104FC00084724968006F00EBC100C0E90032002024
:104FD00070BD072A0DD00C7AD6060D8A4B6943EABC
:104FE000847246EA0543C06E49681A4340F821209E
:104FF000EDE70B8A4FF06055D1E9062442EA0342FF
:1050000045EA0423EFE78A69DBE730B590F898506A
:10501000039C012D07D0D0F89C1041F00401C0F88A
:105020009C10012030BD0D01016845EA820040EA74
:1050300043002043C1F88000002030BD90F8983034
:10504000012B07D0D0F89C1041F00401C0F89C104F
:1050500001207047006842EA012181640020704706
:1050600010B504000FD000F0A3FD2068C16D21F041
:105070000301C165204600F0F3FB0020C4F89C004A
:1050800084F8980010BD012010BD000070B590F8A4
:105090009820012A09D0022A07D0D0F89C1041F0AC
:1050A0000201C0F89C10012070BD0368154A164C1F
:1050B00001EA02055E6D8A054FF0000226EA050648
:1050C0005E65236823EA9173236002D50368C3F801
:1050D000E020490502D50168C1F8E42001688A6D25
:1050E0004B6D934303D1CB6D23F00103CB65006877
:1050F000416D114203D1C16D21F00201C165002053
:1051000070BD0000FFFFCF3F14A8004090F898103A
:10511000012907D0D0F89C1041F00401C0F89C1080
:10512000012070470068C16841F40001C16000209F
:105130007047000002488168491C81607047000088
:1051400004000024704700000068402905D0D0F812
:10515000B40000BF00F07F007047D0F8A400F9E76A
:10516000F0B590F898500024022D04D0D0F89C108F
:1051700041F0080129E0402905D0412929D0056DD9
:105180008D4219D942E00568D5F8A06016F4FE0FEB
:1051900012D0D5F8A460760613D0D5F8A460F60135
:1051A00005D5D5F8A06016F0004F00D50124D5F83C
:1051B000A470466F456C24E0D0F89C1041F02001AB
:1051C00003E0D0F89C1041F48071C0F89C100120DD
:1051D000F0BD0568D5F8B06016F4FE0FECD0D5F838
:1051E000B4607606EDD0D5F8B460F60105D5D5F8F3
:1051F000B06016F0004F00D50124D5F8B470866F6A
:10520000C56CC7F305273C44654302E0456DC66F96
:105210004D4306EB85052E6816F0804656602E68D5
:1052200036D026F060461660D5F800C000262E4F16
:105230000CF0005CC2F808C0D5F800C00CF0004CBF
:10524000C2F810C0B5F804C01FFA8CFCC2F81CC02C
:10525000D5F804C0CCF3034CC2F80CC0D5F804C098
:105260000CF4801CC2F814C0D5F804C00CF4001C67
:10527000C2F818C0D5F804C0CCF3066CC2F820C040
:10528000D5F804C008354FEADC7CC2F824C008E039
:10529000C6F38A46C7E700BF15F806C003F806C084
:1052A000761CD2F80CC017F80CC0B445F4D84029CD
:1052B0000AD041290CD020294FF001020CD20068FD
:1052C0008A40C0F898200DE00068C0F8A84009E0C6
:1052D0000068C0F8B84005E0006801F01F018A408E
:1052E000C0F89C200020F0BD7C6A01080068D0F85E
:1052F000C40000F03F007047704700002DE9FF5FD9
:10530000DFF80CB304460BF10401DBF8000025685C
:105310000F68AA468007D5F85090696DD5F850807F
:105320006E6D2A6DD5F854C02B6D00EA8770009021
:1053300009F470496F6D286D01EA09010191DAF8ED
:105340005410DAF85490DAF8505008F00F0806EAD2
:105350000806029602F0F00203F071536FEA0906A4
:105360001F4000F060700CEA020CCDF80CC0F20592
:1053700001EA00090CD4E843C00509D400214FF428
:105380008073CAF85030CBF800102046FFF7B4FF06
:10539000700512D4E84340050FD4206800234FF471
:1053A0008068D0F8DC20D0F8E410C0F85080CBF84A
:1053B00000301140204600F040FCDFF858A2009871
:1053C00050B12268830F00EA0A001065CBF8003064
:1053D00020460099FFF795FD019850B12268830F90
:1053E00000EA0A001065CBF800302046019900F071
:1053F00026FC029850B12268830F00EA0A0010656B
:10540000CBF800302046029900F0F6FA039850B12C
:105410002268830F00EA0A001065CBF800302046AE
:10542000039900F0ABFB30050CD4E843000509D428
:10543000236800204FF400621A65CBF80000204674
:1054400000F0FEFBB00512D4E84380050FD42068BD
:1054500000234FF40078D0F8D820D0F8E010C0F83E
:105460005080CBF800301140204600F0E7FB3003BD
:105470000CD4E843000309D4236800204FF4002231
:105480001A65CBF80000204600F0B4FAF0030CD403
:10549000E843C00309D4236800204FF480321A6522
:1054A000CBF80000204600F0C7FB70030CD4E843A3
:1054B000400309D4226800204FF480231365CBF801
:1054C0000000204600F0B7FBB0030FD4E843800390
:1054D0000CD4236800204FF400321A65CBF800008A
:1054E000D4F89C0040F08000C4F89C00B9F1000F93
:1054F0000BD022684FEA997309EA0A001065CBF8CD
:10550000003049462046FFF71DFE5FB12268BB0F01
:1055100007EA0A001065CBF80030D4F89C00384345
:10552000C4F89C003C492068884268D16068814684
:105530008068800763D0D9F82060D9F82410D9F8A2
:105540002080D9F82400D9F820C0D9F82470D9F8DF
:105550002030D9F82450D9F8202003F4FC4306F079
:105560000F0AD9F824601D40D9F824B008F030089B
:105570000CF4C07C02F4F02211EA0A0100EA0808E7
:1055800007EA0C0706EA0206D9F820A004D0C9F8F9
:105590002010204600F04CFBB8F1000005D06168F7
:1055A00008624146204600F045FB6FEA0B004006CA
:1055B0000ED46FEA0A0040060AD460684021C36B2B
:1055C000C26B01622046190C02F03F0200F031FB71
:1055D0002FB1606807623946204600F028FB35B1DC
:1055E00060680562D4F89C002843C4F89C0036B17A
:1055F00060680662D4F89C003043C4F89C00D4F87C
:105600009C00002802D02046FFF794FDBDE8FF9FD4
:1056100010A80040FFFFCF3F00A000402DE9F0415F
:1056200094B08D494C2204466846FAF7FBFE64B1FB
:105630008A4D2068A84202D100F58070606094F81D
:1056400098004FF0000820B108E0012014B0BDE838
:10565000F081204684F8998000F038F9206881694B
:1056600021F01001816100F0EFFD0327064604E000
:1056700000F0EAFD801B0A2811D820688069000725
:10568000F6D42068816941F00101816100F0DCFD00
:1056900006460DE000F0D8FD801B0A2808D9D4F892
:1056A0009C0040F00100C4F89C0084F89870CCE79E
:1056B00020688069C007EDD02068816941F002014F
:1056C0008161207C01282068816937D041F0400148
:1056D0008161607C01282068816932D021F4804199
:1056E0008161A07C0128206881692DD041F480511E
:1056F00081612068A268816921F440711143816150
:105700002068816921F0A40181612068016921F08C
:1057100010010161E068012819D010B302281BD0E4
:105720002068816941F0800181612068016941F050
:1057300010010161E06803280ED012E021F0400161
:10574000C6E741F48041CBE721F48051D0E72068DF
:10575000816941F0040103E02068816941F0200182
:105760008161207E6FF0FF02D4E90773A68A1102DF
:10577000400602EB0727A0F10070384327685B1E44
:10578000184301EB06463043F861A068B0F5407F4E
:1057900011D104F12800A68C6FF00F0C89C801EB21
:1057A0000641401E02EB0322104322680CEB071354
:1057B00018430843D060206E30B12068626ED0F884
:1057C000C0101143C0F8C010D4E917126846D14286
:1057D00009D02168A36E51F8C82F50F8233022F069
:1057E00007021A430A60216C49B12168626C51F8C2
:1057F000BC3F50F8226023F0070232430A60A16CDC
:1058000051B12168E36C51F8BC2F50F8233022F0DD
:10581000700242EA03120A60216D51B12168626D83
:1058200051F8BC3F50F8220023F4E06242EA002025
:1058300008602068A84204D16068816821F00301F3
:105840008160C4F894800121C4F89C8084F8981089
:105850002046FCF73DFBF9E68C6A010800A00040F9
:10586000144A10B50368144C50681449A342A0F1BF
:1058700001000CD1506018B9086820F480700860ED
:105880000F484FF4C05100F001FB13200DE00D4C08
:10589000A3420ED1506018B9086820F480700860E7
:1058A0000948602100F0F2FA1420BDE8104000F031
:1058B000C1BD10BD0400002400A00040EC4402580B
:1058C0000000025800A40040000402582DE9F043F3
:1058D000B7B00646142130A8FAF7CBFDC0216846C0
:1058E000FAF7C7FD3E4D4FF08050316802263D4A21
:1058F0000C3D3A4F4FF00009394C91424FF00908E6
:1059000030D100221C9041136846CDE9001201F00D
:105910007BF908B1FCF7AAFA7868401C7860012886
:1059200007D1206840F480702060206800F4807007
:105930003590286840F001002860286830A94FF4AD
:10594000C05200F0010081E84402CDE934802648CD
:10595000339600F053FB00220521132000F088FD50
:10596000132035E0214A914234D100221C904FF49B
:1059700000416846CDE9001201F046F908B1FCF794
:1059800075FA7868401C7860012807D1206840F4D7
:1059900080702060206800F480703590286840F0A6
:1059A00002002860286830A9602200F0020081E827
:1059B0004402CDE934800E48339600F01FFB1020DE
:1059C00000F048FC00220521142000F051FD1420B5
:1059D00000F041FD37B0BDE8F08300000400002472
:1059E000EC44025800A000400000025800A400400F
:1059F00000040258704700002DE9F04F00688BB09A
:105A0000594A4FF01208594C4FF0160B584D90421E
:105A10004FF01E064FF026074FF036094FF0460AAA
:105A20004FD1C8074AD020686A46401CC11700EB16
:105A3000D16121F01F01401A20604021C0EBC0005D
:105A400000EB800005EB40034A489B1DFFF788FBF5
:105A500070BB21680098C1EBC10101EB810125F801
:105A6000110005EB4100039989B20829418001D852
:105A7000891D0FE00939072920D2DFE801F004076A
:105A80000A0D0F111400A0F802800EE0A0F802B079
:105A90000BE01A21418008E0468006E0478004E0E0
:105AA000A0F8029001E0A0F802A00221FBF750F953
:105AB00030484021FFF748FB0028B4D10BB0BDE8C7
:105AC000F08F2D4A9042F9D1C807F7D020686A4676
:105AD000401CC11700EBD16121F01F01401A20606A
:105AE0004021C0EBC00000EB800005EB40032148E3
:105AF0009B1DA038FFF734FB70BB20680099C0EBFA
:105B0000C00000EB800025F81010039905EB400061
:105B100089B20829418001D8891D0FE00939072978
:105B2000CCD2DFE801F004070A0D0F111400A0F831
:105B300002800EE0A0F802B00BE01A21418008E0DC
:105B4000468006E0478004E0A0F8029001E0A0F85B
:105B500002A00121FBF7FCF806484021A038FFF71E
:105B6000F3FA0028B2D1A9E700A400400400002401
:105B700008050424680E042400A00040704790F833
:105B80009810012907D0D0F89C1041F00401C0F80A
:105B90009C1001207047022180F8981000220168B3
:105BA0008B6923F001038B61C0F89C20104670477D
:105BB00010B590F898100022022906D0D0F89C1059
:105BC00041F00801C0F89C1012E0016803238C69C1
:105BD00044F001048C6101680DE0322A0AD900BF4B
:105BE000D0F89C1041F00101C0F89C1080F898306A
:105BF000012010BD521C8C69E407EED08C69002294
:105C000024F010048C61016802E0322AE8D8521CAA
:105C10008C692407F9D48C690023012244F0020422
:105C20008C61C0F8943080F89820184610BD7047F9
:105C300070477047704770477047704770477047AC
:105C4000704700002DE9F05F044641488846002671
:105C5000017D01291AD0012202758146B246C0F8A1
:105C600018A02079C00706D001214CF25030FCF773
:105C700043FB00B10126207980070AD502214CF2AE
:105C80005030FCF739FB20B101265DE00220BDE871
:105C9000F09F6EBB20682F4D012807D04FF0FF31D9
:105CA000C8F80010A76840F2047B48E061682069EA
:105CB000FCF7E4FA2079C0070AD001214CF25030F9
:105CC000FCF71AFB00B10126E86820F00800E86044
:105CD0002079800738D502214CF25030FCF70CFBBC
:105CE00000B10126D5F80C0120F00800C5F80C0120
:105CF0002AE0226938466168FCF7A0FA2079C007DB
:105D000009D001214CF25030FCF7F6FAE96806465A
:105D100021EA0B01E960207980070BD502214CF2C2
:105D20005030FCF7E9FAD5F80C11064621EA0B01D0
:105D3000C5F80C1116B1C8F8007005E07F1CD4E955
:105D400002010844B842D4D8304689F814A09EE72E
:105D5000D4190424002000520A48C16841F001010E
:105D6000C160C168C9070BD0D0F80C1141F0010126
:105D7000C0F80C11D0F80C01C00701D0002070470A
:105D800001207047002000522DE9F05F2C48144696
:105D900008250E46027D012A08D001230375A1F1D2
:105DA00000621F05BA4204D2012707E00220BDE8C5
:105DB000F09FA6F10161B9420DD202274FF0000A0F
:105DC0008146C0F818A04CF2503B39465846FCF7C3
:105DD00093FA10B127E00120E9E7DFF86880012F8E
:105DE000404623D0D0F80C1141F00201C0F80C114C
:105DF000BFF36F8FBFF34F8F01CC6D1E15F0FF0502
:105E000001C6F9D1BFF36F8FBFF34F8F39465846A4
:105E1000FCF772FA012F41460DD0D1F80C2122F087
:105E20000202C1F80C2189F814A0C0E7C16841F052
:105E30000201C160DCE7CA6822F00202CA60F2E730
:105E4000D4190424002000520D480E4A0E49C3689C
:105E5000DB0704D042604160C368DB070BD1D0F898
:105E60000C31DB0709D0C0F80421C0F80411D0F8C8
:105E70000C01C00701D001207047002070470000CE
:105E80000020005223016745AB89EFCD2DE9F04F8B
:105E90004F4D00224FF0010A4FF00F0B92E000BF70
:105EA0000AFA02F919EA01037ED022F0030606F18C
:105EB000B0469407D6F808C4270FDFF818810BFA0C
:105EC00007FE40450EEA0C0402D14FF0000C40E002
:105ED000DFF804C1604502D14FF0010C39E0DFF872
:105EE000FCC0604502D14FF0020C32E0DFF8F0C098
:105EF000604502D14FF0030C2BE0DFF8E8C06045AD
:105F000002D14FF0040C24E0DFF8DCC0604502D180
:105F10004FF0050C1DE0DFF8D4C0604502D14FF012
:105F2000060C16E0DFF8C8C0604502D14FF0070C40
:105F30000FE0DFF8C0C0604502D14FF0080C08E068
:105F4000DFF8B4C0604502D14FF0090C01E04FF01A
:105F50000A0C0CFA07FCA44513D12C689C432C6056
:105F60006F684FF0B0449F436F6067689F436760FE
:105F700027689F432760D6F8084424EA0E04C6F831
:105F8000084407680323D4084FEA42084FEA427CDA
:105F900003FA08F34FEADC6C1F4307600BFA0CF6B8
:105FA00000EB8404276A00E00BE0B7432762C46873
:105FB0009C43C460446824EA0904446084689C43A8
:105FC0008460521C31FA02F37FF46AAFBDE8F08FAF
:105FD00080000058000002580004025800080258CF
:105FE000000C025800100258001402580018025801
:105FF000001C025800200258002402582DE9F84FD6
:1060000003247D4D00234FF001094FF0B04B4FF0BA
:106010000F0AE9E009FA03F73A4076D00E7906F064
:106020000306012E01D0022E18D1D0F808C04FEA85
:10603000430ECE6804FA0EF82CEA080C06FA0EF6A7
:1060400046EA0C068660D0F804C00E792CEA070CEC
:10605000C6F300169E4046EA0C0646600E79F643EB
:10606000B6070BD0C6684FEA43088F6804FA08FCED
:1060700026EA0C0607FA08F73743C7600E7906F0E0
:106080000306022E12D1DE080F694FEA437C00EBB3
:106090008606B646366A4FEADC6C0AFA0CF807FA4E
:1060A0000CF726EA08063743CEF820700F79066809
:1060B0004FEA430807F0030704FA08FC07FA08F759
:1060C00026EA0C06374307604E6816F4403F1CD0A2
:1060D0004A4E376847F00207376036689F0706F078
:1060E0000206009623F0030606F1B046B6463F0FBF
:1060F000D6F80864DFF808810AFA07FC404526EA6A
:106100000C0603D14FF0000C41E06CE0DFF8F4C066
:10611000604502D14FF0010C39E0DFF8ECC060457A
:1061200002D14FF0020C32E0DFF8E0C0604502D14E
:106130004FF0030C2BE0DFF8D8C0604502D14FF0E0
:10614000040C24E0DFF8CCC0604502D14FF0050C10
:106150001DE0DFF8C4C0604502D14FF0060C16E028
:10616000DFF8B8C0604502D14FF0070C0FE0DFF850
:10617000B0C0604502D14FF0080C08E0DFF8A4C0C1
:10618000604502D14FF0090C01E04FF00A0C0CFA07
:1061900007FC4CEA060CCEF808C44F68DBF8006038
:1061A000FF0226EA020600D516435F46CBF80060E0
:1061B000D1F804C0DBF804605FEA8C2C26EA020602
:1061C00000D516437E606E684F6826EA0206BF035C
:1061D00000D516436E602E684F6826EA0206FF035C
:1061E00000D516432E605B1C0A6832FA03F67FF472
:1061F00011AFBDE8F88F000080000058F444025849
:10620000000002580004025800080258000C02580E
:10621000001002580014025800180258001C0258BE
:1062200000200258002402580069084000D00120D4
:1062300070470AB1816170470904FBE701480068B3
:10624000000C70470010005C014880687047000037
:10625000A8000024074908B50A6842F002020A6053
:10626000096801F00201009103490A6802430A60CB
:1062700008BD0000F4440258040400580248816834
:106280000278114481607047A8000024032010B5F3
:1062900000F00EF901F030FB0F4A10491468136842
:1062A000C4F3032203F00F038A5CC95C02F01F02EF
:1062B00001F01F01D0400A4A20FA01F1116009499A
:1062C00008600F2000F010F808B1012010BD00F0A8
:1062D0009FF8002010BD000018440258006B010810
:1062E000B8000024B400002410B5102804468AB079
:1062F0002CD200220146372000F0BAF8372000F0F7
:10630000AAF8174804601748016841F020010160AD
:10631000006809A900F020000890684601F078FAAA
:106320000598B0B101F0C4FA40000F4900220F4CAB
:10633000B0FBF1F10E4840F2E7330460C0E90332EC
:10634000491EC0E9011201F0D7FF28B101200AB0AF
:1063500010BD01F0ADFAE8E7054802F009F9F6E7EB
:10636000AC000024E844025840420F0000140040F2
:1063700028100424154BF0B5083B427813491A60E5
:106380000B680A1F23F001030B6043681360057B51
:10639000C67A827A437B2D07847B45EA0665C77BF4
:1063A00090F809C0067A90F800E045EAC24040EA59
:1063B000834040EA444040EA074040EA0C2040EA7B
:1063C000460040EA0E000860F0BD0000A0ED00E0CD
:1063D000BFF35F8F044800210368034A23F480332E
:1063E000036070321160704724ED00E0074A40F00E
:1063F0000100064970321060086840F4803008607F
:10640000BFF34F8FBFF36F8F7047000024ED00E0A4
:10641000074882B0016841F0020101600068002273
:106420000F2100F002000090901E02B000F020B892
:10643000F444025800280DDB410900F01F028900D6
:10644000012001F1E0219040C1F88001BFF34F8F9E
:10645000BFF36F8F7047002809DB410900F01F026E
:106460008900012001F1E0219040C1F8000170474E
:106470000E4BF0B41B680D46C3F30223C3F10706AD
:10648000042E00D90426191D072901D2002300E09B
:10649000DB1E012404FA06F19C40491E2940641EBB
:1064A000994014402143F0BC06F004BD0CED00E01F
:1064B000064900F0070210B54FF6FF040868044BC8
:1064C000204040EA02201843086010BD0CED00E0B7
:1064D0000000FA05BFF34F8F0548064A016801F432
:1064E000E06111430160BFF34F8F00BFFDE7000083
:1064F0000CED00E00400FA05134970B50A68D243B8
:10650000520705D5096801F00701814213D118E04F
:106510000A6822F0070202430A60FFF795FE0A4D5F
:106520004FF47A760446083D07E000BFFFF78CFE83
:10653000001BB04201D9012070BD2868C04380040F
:10654000F4D4002070BD00000C48025810B501F0D2
:106550008DF905490968054AC1F30211515C01F042
:106560001F01C84010BD000020440258006B010804
:106570004A4930B5494C0B1D0A680C3409681D683E
:10658000246802F0030305F00102C1F30511C4F30E
:10659000CC04002914FB02F200EE102AF8EE400AA7
:1065A00076D0414A9FED3E1ADFED3E1AB7EE000A63
:1065B00023B1012B5AD0022B18D15CE0374C283C78
:1065C00023689B0612D5394B246801EE901A116896
:1065D000C4F3C104F8EE612AE34001EE903AC1F33E
:1065E0000801F8EE611A81EEA22A07E002EE101A05
:1065F0001168F8EE422A81EEA22A45E001EE901AD7
:106600001168F8EE611A40EE811A71EE800A62EEAE
:10661000200AC1F3462101EE101AB8EE411A31EEFC
:10662000001AC0EE811ABCEEE11A80ED001A116862
:10663000C1F3064101EE101AB8EE411A31EE001A0C
:10664000C0EE811ABCEEE11A80ED011A1168C1F3A7
:10665000066101EE101AB8EE411A31EE000A80EE22
:10666000801ABCEEC10A80ED020A30BD01EE901A1C
:10667000DFED0F2A03E001EE901ADFED0E2A11681C
:10668000F8EE611A82EEA12AC1F30801B6E7FFE72E
:10669000002101604160816030BD00002844025843
:1066A000000000390024744C304402580090D0039C
:1066B0000024744A20BCBE4B494930B5484C0B1DE0
:1066C0000A68143409681D68246802F00303C5F3DE
:1066D0000012C1F30531C4F3CC04002914FB02F20B
:1066E00000EE102AF8EE400A75D03F4A9FED3D1AA1
:1066F000B7EE000A6BB1DFED3D1A012B01D0022B82
:1067000064D002EE101A1168F8EE422A81EEA22A35
:1067100021E0334C283C23689B0612D5344B246877
:1067200001EE901A1168C4F3C104F8EE612AE34047
:1067300001EE903AC1F30801F8EE611A81EEA22A47
:106740000BE001EE901ADFED2B2A00BFF8EE611A84
:10675000116882EEA12AC1F3080101EE901A1168B6
:10676000F8EE611A40EE811A71EE800A62EE200A9C
:10677000C1F3462101EE101AB8EE411A31EE001AAB
:10678000C0EE811ABCEEE11A80ED001A1168C1F367
:10679000064101EE101AB8EE411A31EE001AC0EEB1
:1067A000811ABCEEE11A80ED011A1168C1F306618D
:1067B00001EE101AB8EE411A31EE000A80EE801A8E
:1067C000BCEEC10A80ED020A30BD04E001EE901A71
:1067D000DFED092ABAE70021016041608160F3E73B
:1067E0002844025800000039384402580024744AF2
:1067F0000090D0030024744C20BCBE4B494930B5F6
:10680000484C0B1D0A681C3409681D68246802F096
:106810000303C5F30022C1F30551C4F3CC040029DE
:1068200014FB02F200EE102AF8EE400A75D03F4A3F
:106830009FED3D1AB7EE000A6BB1DFED3D1A012B5B
:1068400001D0022B64D002EE101A1168F8EE422A31
:1068500081EEA22A21E0334C283C23689B0612D506
:10686000344B246801EE901A1168C4F3C104F8EEA9
:10687000612AE34001EE903AC1F30801F8EE611A93
:1068800081EEA22A0BE001EE901ADFED2B2A00BF69
:10689000F8EE611A116882EEA12AC1F3080101EE37
:1068A000901A1168F8EE611A40EE811A71EE800AB2
:1068B00062EE200AC1F3462101EE101AB8EE411A29
:1068C00031EE001AC0EE811ABCEEE11A80ED001A1A
:1068D0001168C1F3064101EE101AB8EE411A31EE0B
:1068E000001AC0EE811ABCEEE11A80ED011A11689F
:1068F000C1F3066101EE101AB8EE411A31EE000A3A
:1069000080EE801ABCEEC10A80ED020A30BD04E0C0
:1069100001EE901ADFED092ABAE70021016041601B
:106920008160F3E7284402580000003940440258CF
:106930000024744A0090D0030024744C20BCBE4B49
:106940002DE9F04FAC4A0546DFF8A8A280F480702C
:10695000DFF8AC9289B01311AA4C0843A748AAF1FA
:1069600004064FF0805C4FF000582CD085F400777F
:106970000F4357D0DFF87CB285F480670F430BF1EB
:10698000080B61D085F400670F4374D085F48057FD
:106990000F436ED085F400570F434FF480394FF406
:1069A000003E67D085F400270F4371D085F480370F
:1069B0000F436ED085F480460E436BD085F40042C1
:1069C0000A4368D02AE0DAF8001001F0070105292F
:1069D00024D2DFE801F075BC7D25B10006A8FFF7E1
:1069E000C7FD079809B0BDE8F08F6846FFF764FE61
:1069F0000098F7E703A8FFF701FF0398F2E7206884
:106A0000C0F3C10022FA00F0ECE72268D20571D58C
:106A100061456FD11846E5E74145E3D00020E1E745
:106A20004846DFE7DAF8001001F4E07180294FD022
:106A300004DC002944D04029F0D188E0C029EFD0FF
:106A4000B1F5807FEAD177E0DBF8001001F4600156
:106A5000B1F5800F3CD004DC91B3B1F5001FDDD15E
:106A600075E0B1F5C00FDBD0B1F5000FD6D163E012
:106A700001E018E030E0DBF8001001F0E061B1F176
:106A8000007F25D008DCD9B1B1F1807FC6D15EE0AE
:106A900049E06CE079E09CE0B1F1407FC0D0B1F119
:106AA000806FBBD148E0DAF8001001F4E041B1F5A5
:106AB000005F0DD005DC19B1B1F5805FAED146E0C5
:106AC00094E0B1F5405FABD0B1F5804FA6D133E093
:106AD00020688000A2D58DE7DAF8001001F4E021EB
:106AE000B1F5403F6CD006DC61B149457AD07145C3
:106AF00094D157E037E0B1F5802F65D0B1F5A02FE4
:106B00008CD10CE000F0D4FE6CE76846FFF7D4FDB2
:106B1000019867E703A8FFF771FE049862E7216810
:106B20008903F1D47AE7DBF8001011F440310ED07C
:106B3000494510D07145F5D13168256801F04051C3
:106B40006D077FF562AF00297FF45FAF57E72068DC
:106B50000001E7D549E720688000E3D503A8FFF7E7
:106B60004DFE05983EE722689203DBD554E7306876
:106B700010F480303AD04845D4D120680001D1D5F6
:106B80006846FFF799FD02982CE7DBF8001001F04A
:106B9000E041B1F1405F13D008DC71B1614521D013
:106BA0004145BFD120688000B4D437E7B1F1804FB0
:106BB0000AD0B1F1A04FB2D030E7FFF7C7FC11E720
:106BC00020684007AED51AE72068C005AAD521E79E
:106BD00008E0DAF8001011F04051A0D0614505D06E
:106BE00041459FD1206800018FD417E720688001BC
:106BF00098D5F3E6504402580090D00340787D01C8
:106C00000080BB00004402582DE9FE4F0546DFF826
:106C1000E48350F8081B0024F64FC943019005F1A6
:106C20002800264608F12408009008011DD4A86E0B
:106C300050B1B0F5801F0CD0B0F5001F0ED0B0F5EC
:106C4000401F1ED001240FE0386840F40030386047
:106C500017E00198022103F0C1FE03E00098022131
:106C600003F04CFF04000CD026462888C043C00522
:106C700023D4A86D05281ED2DFE800F00C11161BE6
:106C80001B00AA6ED8F8001021F440111143C8F877
:106C90000010EAE7386840F40030386009E00198F5
:106CA000002103F09BFE03E00098002103F026FF83
:106CB000044674B100E0012426462888C0438005BC
:106CC00028D4E86D80281ED00CDC90B140280ED16D
:106CD00014E0AA6DD8F8001021F007011143C8F89C
:106CE0000010EAE7C02813D0B0F5807F10D001244F
:106CF0000FE0386840F40030386009E00198002166
:106D000003F06CFE03E00098002103F0F7FE044658
:106D10009CB126462888DFF8DC92C04309F12C0993
:106D200040052CD4D5F8A800B0F5800F20D00DDC9C
:106D3000A0B1B0F5001F0FD115E0EA6DD8F8001032
:106D400021F4E0711143C8F80010E3E7B0F5C00F7B
:106D500013D0B0F5000F10D001240FE0386840F4D4
:106D60000030386009E00198002103F037FE03E0AD
:106D70000098002103F0C2FE04467CB12646288814
:106D8000C04300052DD4D5F8AC00B0F1007F21D070
:106D90000EDCA8B1B0F1807F10D116E0D5F8A820A4
:106DA000D9F8001021F460011143C9F80010E6E79A
:106DB000B0F1407F13D0B0F1806F10D001240FE00C
:106DC000386840F40030386009E00198002103F091
:106DD00005FE03E00098002103F090FE044674B124
:106DE00026462868C04380011FD4E86CD8B110281B
:106DF0000FD0202812D0302815D0012414E0D5F867
:106E0000AC20D9F8001021F0E0611143C9F800105E
:106E1000E7E7386840F40030386004E00198022168
:106E200003F0DCFD044674B126462888C043C00444
:106E30002BD4286EB0F5005F20D00DDCA0B1B0F5EA
:106E4000805F0FD115E06B48EA6C2030016821F0BB
:106E5000300111430160E8E7B0F5405F13D0B0F5B1
:106E6000804F10D001240FE0386840F400303860C3
:106E700009E00198002103F0B1FD03E00098002132
:106E800003F03CFE04468CB126462888C0438004AB
:106E900029D4686EB0F5403F23D010DC08B3B0F5BC
:106EA000803F14D0B0F5003F0FD115E02A6ED8F81E
:106EB000001021F4E0411143C8F80010E5E7B0F5F7
:106EC000802F0ED0B0F5A02F0BD001240AE001983E
:106ED000012103F083FD03E00098012103F00EFE81
:106EE000044694B126462888C04340042AD4D5F8E5
:106EF000B000B0F1405F23D010DC08B3B0F1805F88
:106F000014D0B0F1005F0FD115E06A6ED8F8001010
:106F100021F4E0211143C8F80010E4E7B0F1804FFC
:106F20000ED0B0F1A04F0BD001240AE0019801214E
:106F300003F054FD03E00098012103F0DFFD044657
:106F400074B126462888C04300041FD4286FD8B1E6
:106F5000B0F1805F0ED0B0F1005F10D0012414E0DA
:106F6000D5F8B020D9F8001021F0E0411143C9F85C
:106F70000010E7E7386840F40030386004E001981A
:106F8000012103F02BFD044674B126462868C04356
:106F9000C0011ED4A86CD0B101280ED0022811D097
:106FA000032814D0012413E02A6FD8F8001021F030
:106FB00040511143C8F80010E8E7386840F4003049
:106FC000386004E00198022103F008FD0446ACB1EA
:106FD00026462868DFF81CB0C043ABF11C0B40020A
:106FE00051D40548016841F480710160FFF72CF924
:106FF000824611E02C44025800480258F948AA6C15
:10700000016821F0030111430160E2E7FFF71CF979
:10701000A0EB0A00642834D8F3480068C005F5D511
:1070200084BBDFF8C0A3B5F8B4100AF1240ADAF87B
:10703000000001F4407100F44070884211D0DAF889
:107040000010DAF8002021F4407142F48032CAF8CE
:107050000020DAF8002022F48032CAF80020CAF8B2
:107060000010D5F8B400B0F5807F19D1FFF7ECF827
:10707000029011E0FFF7E8F80299411ADB488142DB
:107080000AD9032426462878DFF858A3C0430AF11A
:10709000080AC00721D03CE0DAF800008007E9D5F3
:1070A000D5F8B410C1F30120032858460DD001686B
:1070B00021F47C510160B5F8B420DAF80010C2F375
:1070C0000B021143CAF80010DDE7C94A036802EA5F
:1070D000111223F47C511143ECE7E86F182816D005
:1070E00005DCA0B1082808D0102804D10AE0202827
:1070F0000DD028280BD001240AE00198012103F0CB
:107100006DFC03E00098012103F0F8FC044664B133
:1071100026462878C04380071ED4A86F062819D2B7
:10712000DFE800F0160C11161616EA6FDAF80010F8
:1071300021F038011143CAF80010EAE70198012153
:1071400003F04CFC03E00098012103F0D7FC044657
:107150007CB100E0012426462878C04340071FD4B4
:10716000D5F89400062819D2DFE800F0160C1116A5
:107170001616AA6FDAF8001021F007011143CAF8B9
:107180000010E9E70198012103F028FC03E00098D2
:10719000012103F0B3FC0446A4B100E0012426461B
:1071A0002878C04380062BD4D5F89000B0F1405F1A
:1071B00024D011DC10B3B0F1805F15D0B0F1005FC6
:1071C00010D116E0D5F89420D9F8001021F007016D
:1071D0001143C9F80010E3E7B0F1804F0ED0B0F1D1
:1071E000A04F0BD001240AE00198002103F0F6FB28
:1071F00003E00098022103F081FC044694B1264686
:107200002878C04340062BD4D5F89C00B0F5406FD9
:1072100024D011DC10B3B0F5806F15D0B0F5006F3D
:1072200010D116E0D5F89020DAF8001021F0E041F6
:107230001143CAF80010E3E7B0F5805F0ED0B0F557
:10724000A05F0BD001240AE00198002103F0C6FBE7
:1072500003E00098022103F051FC044694B1264655
:107260002878C04300062BD4D5F8A000B0F5C04F55
:1072700024D011DC10B3B0F5005F15D0B0F5804F0D
:1072800010D116E0D5F89C20D9F8001021F4E05177
:107290001143C9F80010E3E7B0F5004F0ED0B0F588
:1072A000204F0BD001240AE00198002103F096FB47
:1072B00003E00098022103F021FC044654B1264665
:1072C0002878C04300071ED4D5F88400B0F5805F4D
:1072D0000AD00FE0D5F8A020D9F8001021F46041C1
:1072E0001143C9F80010EBE70098022103F006FCF7
:1072F00000B10126D5F88420DAF8001021F44051BD
:107300001143CAF800102878C043C00613D4D5F83A
:107310009800B0F5807F05D10098022103F0EEFBC4
:1073200000B10126D5F89820D9F8001021F4407159
:107330001143C9F800102868C043000316D4D5F8DB
:10734000A40038B1B0F5803F09D0B0F5003F0BD0B4
:1073500001240AE00198002103F040FB03E00098BB
:10736000022103F0CBFB04468CB126462868C043BB
:10737000400322D4D5F88800B0F5801F11D0B0F5B5
:10738000001F13D0B0F5401F15D0012414E0D5F82C
:10739000A420D9F8001021F440311143C9F800109D
:1073A000E4E7386840F40030386004E000980121D8
:1073B00003F0A4FB04465CB126462868C043C00322
:1073C00024D4286DB0B1B0F5803F18D001241CE062
:1073D000D5F88820DAF8001021F440111143CAF8DA
:1073E0000010EAE74C44025800480258FFC99A3B93
:1073F000CFFFFF00386840F40030386004E00198A7
:10740000022103F0EBFA0446E4B126462868C043A3
:10741000800005D40098022103F070FB00B1012622
:107420002868C04380031BD4D5F88000B0B1B0F504
:10743000807F0FD0B0F5007F10D0B0F5407F0DD029
:1074400001240CE05A482A6D016821F4803111436F
:107450000160DBE7386840F400303860ECB3264662
:107460002868C043C00207D46A6FD8F8001021F022
:1074700000411143C8F800102868C043C00008D478
:10748000D5F8B820DBF8001021F480411143CBF887
:1074900000102868C043800207D4EA6ED8F80010B4
:1074A00021F080711143C8F800102868C0434000E3
:1074B0000CD4DBF8001021F40041CBF80010DBF80D
:1074C0000010D5F8BC201143CBF800102868C04349
:1074D00008D437486A6D016800E018E021F0405197
:1074E000114301602868C043000208D4D5F88C20FD
:1074F000DAF8001021F440011143CAF8001028798D
:107500000024C04300F0010020430AD00FE0D5F86A
:107510008020DAF8001021F440711143CAF80010FD
:107520009EE70198002103F059FA00B10646287938
:10753000C04300F00200204305D10198012103F06F
:107540004DFA00B106462879C04300F004002043FC
:1075500005D10198022103F041FA00B106462879CD
:10756000C04300F00800204305D10098002103F03B
:10757000C5FA00B106462879C04300F01000204348
:1075800005D10098012103F0B9FA00B10646287927
:10759000C04300F02000044304D10098022103F00E
:1075A000ADFA00B916B10120BDE8FE8F0020FBE75F
:1075B0004C4402582DE9F05F04000F467ED0DFF8FE
:1075C0003882D8F8000000F00F00B8420CD2D8F88A
:1075D000001021F00F013943C8F80010D8F800005E
:1075E00000F00F00B84269D12078844D40070AD5D9
:1075F0002069296801F07001884204D9296821F0C6
:1076000070010143296020787C4E361D00070AD5A1
:107610006069316801F07001884204D9316821F055
:107620007001014331602078C0060AD5A069316835
:1076300001F4E061884204D9316821F4E06101433A
:1076400031602078DFF8B4B180060BF1080B0CD55F
:10765000E1695846DBF8002002F07002914204D93B
:10766000026822F070020A430260207880070AD57F
:10767000E068296801F00F01884204D9296821F0E7
:107680000F01014329602078C0073ED05B49A26802
:107690002868183920F47060104328606068022858
:1076A00018D0032819D00968012819D049070029E2
:1076B0004ADADFF848A1AAF1080A00E044E0DAF863
:1076C000002022F007020243CAF80020FEF7BCFDAA
:1076D000814612E009688903E9E709688901E6E75C
:1076E000C905E4E7FEF7B0FDA0EB090141F28830DF
:1076F000814202D90320BDE8F09F6168DAF80000FA
:1077000000F03800B0EBC10FECD1207880070AD52B
:10771000E068296801F00F01884204D2296821F04D
:107720000F0101432960D8F80010404601F00F0115
:10773000B9420BD9016821F00F013943016000689B
:1077400000F00F00B84201D00120D4E720784007B4
:107750000AD52069296801F07001884204D229689D
:1077600021F0700101432960207800070AD5606983
:10777000316801F07001884204D2316821F0700153
:10778000014331602078C0060AD5A069316801F450
:10779000E061884204D2316821F4E0610143316044
:1077A000207880060CD5E1695846DBF8002002F00D
:1077B0007002914204D2026822F070020A43026011
:1077C00000F09AF80E492A682B68C2F3032203F0EE
:1077D0000F038A5CC95C02F01F0201F01F01D04058
:1077E000084A20FA01F1116007490860074800685B
:1077F000BDE8F05FFEF778BD002000521844025843
:10780000006B0108B8000024B4000024AC00002480
:1078100070B5144C3F220260124A24680832131DCE
:10782000114D04F00704446016681C1D06F47066D0
:107830008660166806F00F06C660126802F07002D5
:1078400002611A6802F0700242611A6802F4E06292
:107850008261226802F07002C261286800F00F00A5
:10786000086070BD104402580020005230B500F08E
:1078700043F80B4A0B490C4B15681468C5F30322F7
:1078800004F00F048A5C095D02F01F0201F01F0181
:10789000D040064A20FA01F119601060084630BD58
:1078A00018440258006B0108B8000024B4000024FA
:1078B00000B5FFF7DBFF05490968054AC1F302116E
:1078C000515C01F01F01C84000BD00001C4402587B
:1078D000006B010800B5FFF7C9FF05490968054AB3
:1078E000C1F30221515C01F01F01C84000BD00003E
:1078F0001C440258006B0108454970B545480968A9
:10790000434B103B11F0380208D00111082A03D074
:10791000102A0BD0182A0BD0084670BD19688906AA
:10792000FBD51968C1F3C101C84070BD3A4870BDAC
:107930003749374D18310C1D24350A680968266807
:107940002D6802F0030406F00102C1F30511C5F32E
:10795000CC0515FB02F200EE102AB8EE400AE9B39E
:107960002F4ADFED2E0AB7EE001A6CB1DFED2D1AAB
:10797000012C01D0022C43D002EE101A1068F8EE50
:10798000422A81EEA22A1EE01C68A40611D51B68BB
:1079900001EE901A1168C3F3C103F8EE612AD840D2
:1079A00001EE900AC1F30800F8EE611A81EEA22AF6
:1079B0000BE001EE901ADFED1C2A00BFF8EE611A11
:1079C000106882EEA12AC0F3080001EE900AF8EEDA
:1079D000611A40EE201A31EE810A00E015E022EE35
:1079E000000A1068C0F34620401C00EE900AF8EE32
:1079F000600A80EE201ABCEEC10A10EE100A70BDBB
:107A000001EE901ADFED092AD8E7002070BD0000D2
:107A1000104402580090D00340787D0100000039E6
:107A2000304402580024744A0024744C20BCBE4BDD
:107A30002DE9F05F04006FD0FF4F2078FE4D18371E
:107A4000DFF8F4A3DFF8F483103DC00748D0DAF87C
:107A50000000396800F03800102815D0182803D12C
:107A600001F0030002280FD06068B0F5803F12D00B
:107A700010B1B0F5A02F18D0286820F4803028600D
:107A8000286820F4802009E02868800328D56068F1
:107A90000028D0D024E0286840F480302860606856
:107AA00088B1FEF7D1FB064609E0286840F4802043
:107AB0002860F0E7FEF7C8FB811B41456FD82868B6
:107AC0008003F7D50CE0FEF7BFFB064605E000BFDC
:107AD000FEF7BAFB811B4145F0D828688003F7D434
:107AE000207841F20309D44E0C3E800769D5DAF8BC
:107AF0000000396810F038000FD0182801D188072D
:107B00000BD0E06890B3296821F019010143296086
:107B1000FEF79AFB834631E0E9E02868400702D58A
:107B2000E068002887D0E168286820F01900084341
:107B30002860FEF789FB834606E000BFFEF784FB62
:107B4000A0EB0B000228B9D828684007F6D500BF83
:107B5000FEF774FB48451BD82069402812D03168D5
:107B600021F47C3141EA003030602AE018E000BFA7
:107B7000FEF76AFBA0EB0B0002289FD8286840079D
:107B8000F6D5E5E7306820F47C3040F40030EBE7D0
:107B9000207C316821F0FE4141EA0060E4E705E124
:107BA000286820F001002860FEF74EFB834605E0C0
:107BB000FEF74AFBA0EB0B0002288DD8286840078F
:107BC000F6D42078C00657D5DAF80000396800F0FE
:107BD0003800082810D0182803D101F0030001282C
:107BE0000AD0E0690028286836D040F0800028607C
:107BF000FEF72AFB834621E02868C00521D5E0690D
:107C0000802874D11DE0206A20281FD0316821F01F
:107C1000F84141EA806030602EE0874894F82010F7
:107C2000001F026822F07C5242EA0161016023E0F9
:107C3000FEF70AFBA0EB0B00022884D82868C005D9
:107C4000F6D5FEF7FBFA4845E7D8DCE7306820F0C8
:107C5000F84040F08040DEE720F080002860FEF72A
:107C6000F3FA064605E000BFFEF7EEFA801B022895
:107C7000A3D82868C005F7D42078000729D56E4816
:107C80006169643000298146016811D041F0010129
:107C90000160FEF7D9FA064605E000BFFEF7D4FA08
:107CA000801B022889D8D9F800008007F6D510E09B
:107CB00021F001010160FEF7C7FA064605E000BFAA
:107CC000FEF7C2FA801B022870D8D9F8000080079E
:107CD000F6D42078800623D5A0690028286810D023
:107CE00040F480502860FEF7AFFA064605E034E124
:107CF000FEF7AAFA801B022858D828688004F7D516
:107D00000EE020F480502860FEF79EFA064604E05C
:107D1000FEF79AFA801B022848D828688004F7D416
:107D2000207840074DD5DFF81891D9F8001041F4BC
:107D30008071C9F80010FEF787FA064605E000BF1B
:107D4000FEF782FA801B642830D8D9F80000C005FD
:107D5000F6D5394EA068603601280AD008B105284A
:107D600011D0306820F001003060306820F004004D
:107D700002E0306840F001003060A06890B1FEF78A
:107D800063FA81460AE0306840F004003060F0E7B2
:107D9000FEF75AFAA0EB0901414507D83068800781
:107DA000F6D50EE0FEF750FA814607E083E000BF0B
:107DB000FEF74AFAA0EB090141457CD830688007FC
:107DC000F6D4606AF0B35146DFF86CA00AF1200ADD
:107DD00009680AF10408AAF104094FF6F87BC1F317
:107DE000C201032968D00228286820F0807028602A
:107DF00003D0FEF729FA044684E0FEF725FA06468A
:107E000005E000BFFEF720FA801B022877D828681B
:107E10008001F7D4E26A40F2F331386854F8283F21
:107E2000884340EA021018433860217B4FF4FE0C6F
:107E300022894FF0FE4706E010440258FFC99A3BE2
:107E400000480258ADE0208A4902521E267D401E9D
:107E5000A1F5007189B2C2F308021143761E0CEA43
:107E600000400143484607EA06621143CAF8001081
:107E7000D9F8001021F00101C9F80010D8F800105D
:107E8000266A21EA0B0141EAC601C8F80010D9F8B8
:107E90000010A26921F00C011143C9F8001001681B
:107EA000E26921F0020111430160016841F480316F
:107EB0000160016801E022E028E041F40031016046
:107EC000016841F480210160016841F00101016015
:107ED000286840F080702860FEF7B6F9044604E098
:107EE000FEF7B2F9001B022809D828688001F7D5EF
:107EF00057E000BFFEF7A8F9001B022802D90320B3
:107F0000BDE8F09F28688001F4D44AE03968012870
:107F1000DAF8000021D0A26A01F0030393421CD1D9
:107F2000E26AC1F305118A4217D1216BC0F308023E
:107F3000491E8A4211D1616BC0F34622491E91420B
:107F40000BD1A16BC0F30642491E914205D1E16BF2
:107F5000C0F30660491E814201D00120D0E7A16C28
:107F60004646D8F80000C0F3CC00814219D0D9F8B9
:107F700000004D4620F00100C9F80000FEF764F94A
:107F80004FEA0007FEF760F9B842FBD0A26C3168F7
:107F900021EA0B0141EAC2003060286840F001008C
:107FA00028600020ACE700002DE9F047040029D04C
:107FB000594A4FF000092068584B594D9042C4F877
:107FC000289006D0984204D0A84202D0E1680F2938
:107FD00018D8E1684FF0010AE76B0831C9080AEBCD
:107FE00057167143904205D0984203D0A84201D061
:107FF000082907D8904203D0984201D0A84204D162
:10800000102902D90120BDE8F08794F8810020B939
:10801000204684F8809000F085F8022084F88100E2
:108020002068016821F0010101602068A16982686F
:10803000B1F1806F02F4F81110D16268B2F5800FCF
:1080400001D01AB10AE0A26B22B107E0A26BB2F133
:10805000805F03D1026842F480520260606840028F
:1080600009D5E068072806D32068236D026822F44A
:1080700080721A4303E02068026822F48072026072
:10808000A66AE069E26B25683043E3680A4310435F
:108090001843A860D4E90D02D4E90581636A256913
:1080A0001843D4F820C00A43266810432843A56D1E
:1080B000D4E90172D4E9123140EA080040EA0C0028
:1080C00038430843104318432843F060606868B998
:1080D0002068816821F4C05141F40061816020680A
:1080E000816821F4C06141F4806181602068016D84
:1080F00021F0010101656068400206D52068626DCB
:10810000C16821F000411143C160C4F8849084F833
:1081100081A0002077E700000030014000380040D7
:10812000003C004030B5B7B00446142130A8F8F741
:10813000A0F9C0216846F8F79CF9224920688842D6
:108140003DD18114002018900446CDE90010684606
:10815000FEF75AFD08B1F9F789FE1B48016841F4A2
:1081600000410160006800F400403590164808386E
:10817000016841F002010160016801F002013591DE
:10818000016841F00801016000680621022500F045
:108190000800359018203090CDE93154CDE93341B5
:1081A0000A4830A9FDF72AFF052140203090CDE98B
:1081B0003154CDE93341064830A9FDF71FFF37B0F0
:1081C00030BD0000003C0040E84402580004025862
:1081D000000C025803490A6822F4600202430A6054
:1081E0007047000004040058704770477047000053
:1081F000F0B590F83C20012A3BD01F4E012480F8B6
:108200003C40022280F83D2002681C4D5368B24277
:10821000D2F808C001D0AA4203D14F6823F47003FA
:108220003B430F6823F070031F4357600268B2425C
:1082300013D0B2F1804F10D0114B9A420DD0114B98
:108240009A420AD0104B9A4207D0AA4205D00F4B4F
:108250009A4202D00E4B9A4204D189682CF08003D6
:1082600019439160002180F83D4080F83C10084699
:10827000F0BD0220F0BD00000000014000040140FC
:108280000004004000080040000C004000180040BE
:108290000040014010B50446022084F83D002068EB
:1082A000016A41F21112114207D1016A9210114282
:1082B00003D1016821F001010160204600F04EF871
:1082C000002084F8480084F83E0084F83F0084F8D9
:1082D000400084F8410084F8420084F8430084F8A8
:1082E000440084F8450084F8460084F8470084F888
:1082F0003D0084F83C0010BD10B5040003D094F894
:108300003D0010B107E0012010BD002084F83C00C2
:10831000204600F079F8022084F83D002068211DF5
:1083200003F0C8F9012084F8480084F83E0084F87E
:108330003F0084F8400084F8410084F8420084F84B
:10834000430084F8440084F8450084F8460084F82B
:10835000470084F83D00002010BD00002649264A51
:1083600008320B6823F001030B600B6823F0020353
:108370000B600B6823F004030B600B6823F02003F1
:108380000B600B6823F040030B600B6823F0800345
:108390000B600B6823F480730B60136823F4803345
:1083A0001360136823F400331360136823F48023ED
:1083B00013600068B0F1804F07D0104A904208D196
:1083C000086820F0020008607047086820F001008B
:1083D000F9E70B4A904205D1086820F008000860D0
:1083E000322007E0074A9042EED1086820F01000E2
:1083F00008603620FEF71EB8E8440258000400402A
:10840000000C0040001000402DE9F843524D074693
:10841000286840F00100286028684F4C00F00100F7
:108420000090083C206840F001002060206800F0C7
:1084300001000090206840F002002060206800F0F9
:1084400002000090206840F004002060206843494A
:1084500000F004000090386888420ED1206840F097
:1084600008002060206800220F2100F00800009022
:108470003220FDF7FDFF322010E0394988420FD14C
:10848000206840F01000206020680022062100F0E3
:10849000100000903620FDF7EBFF3620FDF7DBFFE4
:1084A000206840F020002060206800F0200000904C
:1084B000286840F480202860286800252A4E294C2E
:1084C00000F4802006F6B83800903FE06068274A44
:1084D00000EB80011144495D012936D1C0EB001049
:1084E00000EB800158F8250006EBC101C0EB00103D
:1084F00001EBC000FBF716FC08B1F9F7B7FC6168A7
:108500001A4B58F8250001EB81021A3303EB4202A3
:10851000C0EB0013C1EB011132F8100001EB810137
:1085200007EB800006EBC10101EBC301016260684B
:1085300058F82510C0EB0012C1EB011002EB8201CC
:1085400006EBC10101EBC00087636D1C2069854209
:10855000BCD3BDE8F8830000F0440258000C004092
:1085600000100040D4010024409A042434A60424BE
:1085700090F83D10012901D001207047022180F8B8
:108580003D100168CA6842F00102CA6000681349E0
:10859000884214D0B0F1804F11D0114988420ED0DA
:1085A000104988420BD01049884208D00F498842B0
:1085B00005D00F49884202D00E49884207D1816810
:1085C0000D4A1140062906D0B1F5803F03D001685D
:1085D00041F00101016000207047000000000140EF
:1085E0000004004000080040000C0040000401406E
:1085F0000018004000400140070001000168CA68FF
:1086000022F00102CA6001680A6A41F211131A429B
:1086100007D10A6A9B101A4203D10A6822F00102AC
:108620000A60012180F83D100020704770B50446B3
:1086300090F83C000025012815D0012684F83C6004
:10864000022084F83D0020688268364B1A4022F4EC
:108650007F4282600868702802462FD010DC10F03C
:108660000F0F03D022E04FF0020070BD4FEA201040
:1086700007281BD2DFE800F0535353534B39410016
:10868000B0F1101F4BD009DCB0F5805F0FD0B0F512
:10869000005F1ED0B0F5801F08D140E02038B0F553
:1086A00080103CD010283AD0202838D0012584F8FA
:1086B0003D60002084F83C00284670BD4A68206870
:1086C000D1E9021303F0DCF82068816841F07701FA
:1086D00009E04A682068D1E9021303F0D1F8206864
:1086E000816841F480418160E1E7CA684968206897
:1086F00003F062FA2068502106E0CA6849682068E1
:1087000003F06BFA2068602103F0C4F8CFE7CA6871
:108710004968206803F050FA20684021F4E7206897
:108720001146F1E788FFCEFF704770472DE9F04111
:1087300004460068C66805694FF00007A90713D50D
:10874000B10711D5F91E01610120207720688069E9
:108750008007204602D0FFF7E8FF04E000F02CF984
:10876000204600F0EFF92777680716D5700714D573
:1087700021686FF00400086102202077206880697A
:1087800010F4407F204602D0FFF7CFFF04E000F056
:1087900013F9204600F0D6F92777280715D53007BA
:1087A00013D521686FF00800086104202077206845
:1087B000C0698007204602D0FFF7B7FF04E000F051
:1087C000FBF8204600F0BEF92777E80616D5F0063C
:1087D00014D521686FF01000086108202077206808
:1087E000C06910F4407F204602D0FFF79EFF04E0EE
:1087F00000F0E2F8204600F0A5F92777E80708D056
:10880000F00706D021686FF001000861204600F0F3
:10881000DFFB280601D4A80408D5300606D5216858
:108820006FF4025008612046FFF7DFFCE80508D529
:10883000300606D521686FF4807008612046FFF786
:10884000D3FC680608D5700606D521686FF0400095
:108850000861204600F0FCFBA8060AD5B00608D542
:1088600021686FF0200008612046BDE8F041FFF765
:10887000BDBCBDE8F08100002DE9F84F4948016812
:1088800041F001010160016801F0010100910168FE
:1088900041F002010160016801F0020100910168EC
:1088A00041F004010160016801F0040100910168D8
:1088B00041F008010160016801F0080100910168C0
:1088C00041F010010160016801F0100100910168A0
:1088D00041F020010160016801F020010091016870
:1088E00041F040010160016801F040010091016820
:1088F00041F080010160006800262B4C3546DFF80E
:10890000AC8000F0800000901BE06268022358F801
:108910002500274902EBC20707EB021700EB800C8A
:1089200001EB870101EB8C0102EB8202C1E9013608
:10893000CB60204B03EB820252F82000FDF75EFB78
:108940006D1C20698542E0D34546DFF86080002732
:1089500008F13C0808F5E479A8F1280A08F14C0B65
:1089600019E000BF616855F8273001EB810000EB8A
:1089700008029A5C022A0DD15AF827C001EB410384
:1089800009EB800003EB011250F82C100BEB820076
:1089900000F0F4F87F1C20698742E3D3A66166618A
:1089A000BDE8F88FE0440258D4010024F8A504245F
:1089B0004C98042460A80424704770B5044690F8CD
:1089C0003C0000260D4601280BD0012084F83C0015
:1089D0000C2A4AD007DC82B1042A20D0082A06D10A
:1089E00031E0022070BD102A53D0142A63D0012632
:1089F000002084F83C00304670BD206802F054FF2F
:108A00002068816941F0080181612068816921F055
:108A100004018161206881692A69114311E020689D
:108A200002F090FF2068816941F400618161206853
:108A3000816921F480618161206881692A6941EA44
:108A400002218161D4E7206802F0C4FF2068C16977
:108A500041F00801C1612068C16921F00401C161D0
:108A60002068C1692A69114311E0206802F0FAFF09
:108A70002068C16941F40061C1612068C16921F4C5
:108A80008061C1612068C1692A6941EA0221C1612E
:108A9000AEE7206803F020F82068416D41F008013E
:108AA00041652068416D21F0040141652068416DF8
:108AB0002A69114311E0206803F046F82068416DEF
:108AC00041F4006141652068416D21F48061416598
:108AD0002068416D2A6941EA0221416588E710B5A5
:108AE000040003D094F83D0010B107E0012010BD50
:108AF000002084F83C00204600F022F8022084F890
:108B00003D002068211D02F0D5FD012084F84800B9
:108B100084F83E0084F83F0084F8400084F8410067
:108B200084F8420084F8430084F8440084F8450047
:108B300084F8460084F8470084F83D00002010BD0A
:108B4000704700000A4930B40A4C0878497800EBB5
:108B5000800200EB400304EB820203EB001052F8AA
:108B60002110A4F5BE7230BC02EB800000F0B0B959
:108B7000D4010024FCA704247047000030B504464B
:108B800069B104290ED008290FD00C2910D0102962
:108B900011D094F84300012810D0012030BD94F882
:108BA0003E00F8E794F83F00F5E794F84000F2E75C
:108BB00094F84100EFE794F84200ECE70220E9B3B3
:108BC000042948D0082949D00C294AD010294BD073
:108BD00084F843000122206802F0D0FD2449206877
:108BE000244A254B884209D0904207D0984205D0AC
:108BF000224DA84202D0224DA84203D1456C45F433
:108C0000004545642068884212D0B0F1804F0FD0F3
:108C10001C4988420CD01C49884209D01B49884213
:108C200006D0904204D01A49884201D0984209D116
:108C30008168184A1140062908D000E008E0B1F523
:108C4000803F03D0016841F001010160002030BD88
:108C500084F83E00BEE784F83F00BBE784F840009C
:108C6000B8E784F84100B5E784F84200B2E70000B5
:108C70000000014000040140004001400044014068
:108C8000004801400004004000080040000C004083
:108C900000180040070001002DE9F0410D001746C3
:108CA00004464FF0000619D0042D1AD0082D1BD011
:108CB0000C2D1CD0102D1DD094F8430002287CD020
:108CC000DDB1042D1CD0082D1DD00C2D1ED0102D73
:108CD0001FD094F8430001281ED0D7E094F83E003E
:108CE000ECE794F83F00E9E794F84000E6E794F8F1
:108CF0004100E3E794F84200E0E794F83E00EAE739
:108D000094F83F00E7E794F84000E4E794F8410066
:108D1000E1E794F84200DEE7002F75D0002B73D016
:108D20000220ADB1042D16D0082D17D00C2D18D06F
:108D3000102D19D084F8430058485949594AB5B103
:108D4000042D28D0082D7ED00C2D7BD0012675E077
:108D500084F83E00F0E784F83F00EDE784F8400037
:108D6000EAE784F84100E7E784F84200E4E7D4F852
:108D700024C0CCF83C00606A01643946606AC26471
:108D80002268606A3432FBF7AFF9E8BB2068C1683B
:108D900041F4007114E0D4F828C0CCF83C00A06A7B
:108DA00001643946A06AC2642268A06A3832FBF7BF
:108DB0009BF948BB2068C16800E040E041F4806155
:108DC000C16020680122294602F0D8FC364920689B
:108DD000364A374B884209D0904207D0984205D096
:108DE000344DA84202D0344DA84203D1456C45F41D
:108DF000004545642068884214D0B0F1804F11D0FE
:108E00002E4988420ED000E040E02D49884209D02A
:108E10002C49884206D0904204D02B49884201D088
:108E2000984207D18168294A1140062906D0B1F538
:108E3000803F03D0016841F0010101603046BDE888
:108E4000F08100E013E0D4F82CC0CCF83C00E06ADC
:108E500001643946E06AC2642268E06A3C32FBF78A
:108E600043F998B92068C16841F40061A8E7D4F8D3
:108E700030C0CCF83C00206B01643946206BC264E2
:108E80002268206B4032FBF72FF908B10120D6E7AA
:108E90002068C16841F4805192E7000097B700084C
:108EA000F5B700082DB8000800000140000401409B
:108EB00000400140004401400048014000040040DF
:108EC00000080040000C00400018004007000100AE
:108ED00070B50D0004464FF0000607D0042D0CD0ED
:108EE000082D4DD00C2D52D0012647E02068C168D6
:108EF00021F40071C160606A05E02068C16821F456
:108F00008061C160A06AFAF763F9206800222946EF
:108F100002F034FC41F21112284920689310884273
:108F20000BD02749884208D02649884205D02649D7
:108F3000884202D02549884209D1016A114206D1EE
:108F4000016A194203D1416C21F400414164206857
:108F5000016A114206D1016A194203D1016821F068
:108F6000010101600120CDB1042D1AD0082D1BD0C4
:108F70000C2D1CD0102D1DD084F84300304670BD40
:108F80002068C16821F40061C160E06ABBE7206825
:108F9000C16821F48051C160206BB4E784F83E00C1
:108FA000ECE784F83F00E9E784F84000E6E784F85E
:108FB0004100E3E784F84200E0E7000000000140E0
:108FC00000040140004001400044014000480140CD
:108FD000F8B51949044600680025884212D1174E99
:108FE000306809F019FD0095694630680DF0D3F836
:108FF000009838B112494FF080500860BFF34F8F8E
:10900000BFF36F8F0F49206888420CD10E49D1F809
:109010002001C1F82401C1F82051D1F82801C1F87C
:109020002C01C1F8285109492068884203D1BDE8C4
:10903000F840FDF723B9F8BD001000407C01002482
:1090400004ED00E0000C0040A01D042400140040CA
:10905000704730B590F88410012918D0012280F8AB
:1090600084202421C0F888100022202401680B6885
:109070000D6823F0005325F001050D60426601687C
:109080000B60C0F8884080F88420104630BD022074
:1090900030BD10B50446D0F88C00202801D0022045
:1090A00010BD61B15AB10123E3660020206720465C
:1090B00003F04EFC0028F3D1E16E012901D001201C
:1090C00010BD226810211162226852E8001F41F091
:1090D000100142E80013002BF6D110BD2DE9F05F1E
:1090E000B04D04460268B049AF4BA2EB05081831F9
:1090F000AD483033AE4EAF4FAA42AC4DDFF8B8C2E8
:10910000DFF8B892DFF8B8A2DFF8B8B2DFF8B8E25B
:109110007ED045DCDFF8B48212EB080879D04FF43A
:109120008062904576D1DFF8A882D8F8F08080453B
:1091300021D088451FD098451DD0A8451BD0B045EB
:1091400019D0B84517D0E04515D0C84513D0D04543
:1091500011D0D8450FD0F0450DD09B481830804530
:1091600009D099483030804505D09748483080452F
:1091700001D095486030D8F804009649A0F2064026
:109180004042A1F80E0801F612012046FFF781FFC8
:109190002068016841F0100101608F480D21FBE05B
:1091A0004FF4806290457DD0B8F5444F32D1DFF85E
:1091B0002082D8F80080804521D088451FD098456E
:1091C0001DD0A8451BD0B04519D0B84517D0E045F3
:1091D00015D0C84513D0D04511D0D8450FD0F04593
:1091E0000DD079481830804509D077483030804517
:1091F00005D075484830804501D073486030D8F8B4
:1092000004007449A0F2064040424880204602E033
:1092100049E00BE0C4E0891DFFF73BFF20680168CF
:1092200041F0100101606B480B21B5E0684A926F74
:10923000824221D08A421FD09A421DD0AA421BD01E
:10924000B24219D0BA4217D0624515D04A4513D060
:10925000524511D05A450FD072450DD05A4818309A
:10926000824209D058483030824205D056484830B2
:10927000824201D054486030506856494FF48062B1
:10928000A0F206404042A1F8080401F20C41204639
:10929000FFF7FFFE2068016841F0100101604F48B0
:1092A0000C2179E03CE04A4AD2F86821824221D080
:1092B0008A421FD09A421DD0AA421BD0B24219D076
:1092C000BA4217D0624515D04A4513D0524511D045
:1092D0005A450FD072450DD03B481830824209D014
:1092E00039483030824205D037484830824201D078
:1092F00035486030506837494FF48062A0F206402C
:109300004042A1F8140C01F618412046FFF7C1FEB7
:109310002068016841F01001016031480E213BE0F6
:10932000DFF8AC80D8F8E081804521D088451FD097
:1093300098451DD0A8451BD0B04519D0B84517D0C9
:10934000E04515D0C84513D0D04511D0D8450FD031
:10935000F0450DD01C481830804509D01A483030EF
:10936000804505D018484830804501D01648603007
:10937000D8F80400A0F2064041421A48418300F1A7
:109380001E012046FFF785FE2068016841F01001AC
:10939000016014480F211830BDE8F05FF7F7D8BC22
:1093A000BDE8F09F004C0040100002405800024011
:1093B0007000024088000240A0000240B800024055
:1093C00010040240280402404004024000BCFFBFD9
:1093D000E8AE0424546D0424607504245A710424F6
:1093E00066790424547D0424704770B5044690F8CF
:1093F000840001281DD0012284F884202420C4F890
:10940000880020680568026822F001020260206876
:10941000826822F060620A438260204602F000FF08
:109420002268202100201560C4F8881084F8840088
:1094300070BD022070BD70B5044690F8840001280C
:109440001DD0012284F884202420C4F888002068DC
:109450000568026822F0010202602068826822F03A
:1094600060420A438260204602F0DAFE2268202130
:1094700000201560C4F8881084F8840070BD0220B4
:1094800070BD7047704770B504001DD02420C4F82B
:10949000880000252068016821F001010160206832
:1094A00005602068456020688560204600F056FA17
:1094B000C4F89050C4F88850C4F88C50E56625670D
:1094C000002084F8845070BD012070BD2DE9F0416A
:1094D0000446D0F89000042500072ED52068816945
:1094E00041F0080181612068816941F010018161CA
:1094F00020680562144E154F308800EB400100EBE8
:10950000800201EB402102EB4010114A02EB4101C5
:1095100007EB80002A029438A1F58061FFF7B9FDBE
:10952000308800EB800101EB401007EB800050F821
:10953000940C016841F0100101602068C16949077D
:1095400000D50562BDE8F081F201002420A90424C1
:10955000546D04242DE9F04107680025044640F6C7
:109560000F030226F8693968BA6818420AD18306DF
:109570007ED501F0200302F0805C53EA0C0377D023
:10958000616F7EE1D44BDFF854C3134001EA0C0C49
:1095900053EA0C0C6CD05FEAC07C0CD05FEAC15C73
:1095A00009D54FF0010CC7F820C0D4F8907047F0EF
:1095B0000107C4F89070870709D5D70707D0276837
:1095C0003E62D4F8906046F00406C4F89060460706
:1095D0000AD5D60708D0276804263E62D4F89060E2
:1095E00046F00206C4F8906006070CD501F020068C
:1095F0001E4308D0266808233362D4F8903043F025
:109600000803C4F8903003050BD54B0109D5266833
:109610004FF400633362D4F8903043F02003C4F871
:109620009030D4F89030002B3DD0800609D501F061
:10963000200002F08051084303D0616F09B1204639
:1096400088472168D4F890008968490602D410F050
:10965000280F2AD0204602F063FF20688068400669
:109660001ED52068083050E8001F21F0400100E0BE
:1096700021E040E80012002AF3D1D4F8800078B14C
:1096800097490165D4F88000F9F7A2FD00280AD0B7
:10969000D4F88000016D00E02046BDE8F0410847A5
:1096A0002046FFF713FFBDE8F0812046FFF70EFFCD
:1096B000C4F89050F7E7D4F86CC02023BCF1010F38
:1096C0007ED15FEAC06C7BD55FEAC16C78D5102093
:1096D000386220688068400673D5D4F880208149BC
:1096E0001068884234D07F491831884230D07D4993
:1096F000303188422CD07B494831884228D0794982
:109700006031884224D077497831884220D0754929
:10971000903188421CD07349A831884218D07249D0
:10972000884215D070491831884211D06E493031C5
:1097300088420DD06C494831884209D06A4960316D
:10974000884205D068497831884201D06649903115
:1097500040684FF480770004000C40D0B4F85C10EF
:1097600081423CD9A4F85E00D069B8422FD021686C
:1097700051E8000F20F4807041E80002002AF6D181
:109780002068083050E8001F21F0010140E8001275
:10979000002AF5D12068083050E8001F21F0400170
:1097A00040E80012002AF5D1C4F88C30E566206844
:1097B00050E8001F21F0100140E80012002A01E0EB
:1097C0004AE019E0F3D1D4F88000F9F751FB26679D
:1097D000B4F85C00B4F85E10401A81B208E0B4F846
:1097E0005C1081427FF466AFD069B842FAD1266737
:1097F0002046FFF773FC56E7B4F85C00B4F85E103F
:10980000B4F85E20401A81B2002AF4D00029F2D0C8
:10981000226852E8000F20F4907042E80007002F01
:10982000F6D1324F206800F1080050E8002F02EA1C
:10983000070240E8002CBCF1000FF3D1C4F88C30D3
:10984000E5666567226852E8000F20F0100042E8E4
:109850000003002BF6D1CAE7C60209D5560207D588
:109860004FF4801038622046BDE8F041FFF70ABE91
:1098700006060AD501F0800602F40002164304D061
:10988000A16F00297FF408AF0DE7420611D54A0603
:109890000FD52046016851E8002F22F0400241E830
:1098A0000024002CF6D1C0F88830856700F02EFA2D
:1098B000F9E6020206D54A0004D52046BDE8F0418B
:1098C000FFF7DFBDC00196D5002994DA2046BDE838
:1098D000F041FFF789BD00000100001020010004E5
:1098E000D7C300081000024010040240FEFFFFEF43
:1098F00010B5040003D0D4F8880010B107E00120AF
:1099000010BD002084F88400204600F09FF8242039
:10991000C4F888002068016821F001010160A06A94
:1099200010B1204602F09EFC204602F03BFE0128CA
:10993000E6D02068416821F4904141602068816848
:1099400021F02A0181602068016841F00101016075
:109950002046BDE8104002F0E9BC00002DE9F041CE
:10996000344904460068354E334D8842A6F10C0751
:1099700013D1286820F010002860318870880143D6
:109980007868FCF783FAD4F88000F9F763FDE06F9C
:10999000F9F760FD2520FCF74DFD29492068884234
:1099A00013D1286820F010002860318870880143A6
:1099B0007868FCF76BFAD4F88000F9F74BFDE06F9C
:1099C000F9F748FD2520FCF735FD1E49206888423F
:1099D00013D1286820F01000286031887088014376
:1099E0007868FCF753FAD4F88000F9F733FDE06F9C
:1099F000F9F730FD2520FCF71DFD1349206888424A
:109A000015D1286820F01000286031887088014343
:109A10007868FCF73BFAD4F88000F9F71BFDE06F9B
:109A2000F9F718FDBDE8F0412520FCF703BDBDE8BE
:109A3000F081000000100140F0440258FC010024B5
:109A40000044004000480040004C00402DE9F04335
:109A5000B1B00546C0216846F6F70BFD00201F9007
:109A600001210446CDE900106846FDF7CDF808B1A4
:109A7000F8F7FCF97C49086840F0100008600868B5
:109A800000F01000309078480838026842F4003244
:109A90000260026802F400323092026842F48022CE
:109AA0000260026802F4802230920A6842F02002CA
:109AB0000A60096801F020013091016841F4002139
:109AC0000160016801F400213091016841F48011C6
:109AD0000160016801F480113091016841F080411A
:109AE0000160016801F080413091016841F000415E
:109AF0000160006800F0004030905B481038016859
:109B000041F001010160016801F00101309101683B
:109B100041F002010160016801F002013091016829
:109B200041F004010160016801F004013091016815
:109B300041F008010160016801F0080130910168FD
:109B400041F010010160016801F0100130910168DD
:109B500041F020010160016801F0200130910168AD
:109B600041F040010160016801F04001309101685D
:109B700041F080010160016801F0800130910168CD
:109B800041F480710160016801F4807130910168D5
:109B900041F400710160016801F4007130910168C5
:109BA00041F48061016000684FF400392F4900F4EE
:109BB0008060309002202E4F01F11402C1E90104AF
:109BC000C8604602C2E90104D060A1F516687A882F
:109BD000C2EB021208EBC20040F8704C40E91B4691
:109BE00040F8644C40F8604C40E9174940F8544C48
:109BF0007838FAF797F808B1F8F738F979884046D5
:109C0000DFF870804023C1EB011200EBC200A0F12D
:109C10007801C5F8801040F8405C08EBC20070384D
:109C200080E85800C4600461C0E90549C46108388F
:109C3000FAF778F808B1F8F719F979880022C1EB3A
:109C4000011108EBC100A0F17801E967052140F896
:109C5000405C388800B2FCF70BFC388800B2FCF797
:109C6000FAFB31B0BDE8F083F044025848B8042450
:109C7000F001002498B304247047704770B504467F
:109C8000D0F88800202801D0022070BD39B332B34B
:109C9000E06F002321652125A4F85420A4F8562064
:109CA000C4F89030C4F88850D8B11549C163E16F49
:109CB00014480864E16F1448C864E06F03651346F4
:109CC0002068E56F00F12802216D2846FAF70CFAAA
:109CD00038B11021C4F890102020C4F88800012069
:109CE00070BD2168402008622068083050E8001FDD
:109CF00041F0800140E80012002AF5D1002070BD3B
:109D0000D7C4000817C50008E7C3000870B5184E8F
:109D100006F13404A4F12805307828B12188002206
:109D2000286889B2FCF785FA707828B1A1880022EA
:109D3000686889B2FCF77DFAB07828B121890022E1
:109D4000A86889B2FCF775FAF07828B1A1890022D9
:109D5000E86889B2FCF76DFA3079002807D0218ACB
:109D600000222869BDE8704089B2FCF762BA70BD74
:109D7000C4A804247047FCF7ADFBFCE738B50446E3
:109D80006A460020009001216369206898470028F6
:109D90006FF0040526DB6369012120686A46984755
:109DA00000281FDB0098400701D4012038BD6369FB
:109DB000002120686A469847002813DB0098C104F8
:109DC00009D44FF4045181431BD081041BD4C00536
:109DD0001BD4052038BD63691F2120686A46984757
:109DE000002801DA284638BD0098C10401D40620B5
:109DF00038BDC0F38200062803D0022803D005280E
:109E000003D0022038BD032038BD042038BDF8B58A
:109E100005460020009004466868002610BBA8682C
:109E200000B18047202028606FF004076B69122181
:109E30006A4620469847002801DA3E460AE0009824
:109E400000F01F00A04205D11F2C4FF000062C602F
:109E500006D809E0641C1F2CE8D92C681F2C02D9F5
:109E60006FF0020602E00EB9012068603046F8BDCE
:109E700088B1CA687AB18A686AB10A695AB10A684F
:109E800082604A68C260CA6842618A680261096980
:109E90008161002070474FF0FF3070478068C0F349
:109EA000C00070478068C0F3800070478068C0F3CE
:109EB000800070470B4D4FF480660B4C00230B491C
:109EC0003246E86806F082FB0BF0EAFC074802F035
:109ED000DDFDD4F82801401CC4F828010BF000FD7A
:109EE000ECE7000078000024A01D04247C11042469
:109EF0002DE9FE4F424C0026424D012702974FF0BC
:109F000010094FF0020BC4F81C61C4F8186104F585
:109F100086742E6044F620606E60AE60EE6085F858
:109F2000009085F801B006F073FA6880002006F012
:109F30006FFA022168600022084606F08DFEDFF805
:109F4000C880202202AB4FF0040A40F6FF71C8F827
:109F50000C00CDF800A006F0EDFCD8F80C001022A3
:109F6000294606F0C7F929A006F010F842466860B5
:109F70003148002329A1CDE900A24FF4806A52465E
:109F80000CF03EFBE76005F5806202F110051661FA
:109F900056619661D66185F8009085F801B06068D9
:109FA00080B206F035FA6880002006F031FA02210E
:109FB00068600022084606F04FFE10222946C8F8C5
:109FC000100006F097F9206808F104010626686081
:109FD0001F480023CDE9006118A152460CF010FB88
:109FE00008F108002761002352461AA1CDE900605C
:109FF0001B480CF005FB00200BF046FDBDE8FE8F72
:10A00000A01D04247C150424780000243139322E4C
:10A010003136382E3235352E323535004C574950D1
:10A020005F534F434B5F436F6E6669675F524543B3
:10A030005F55445000000000B59E00084C57495041
:10A040005F534F434B5F5245435F55445000000000
:10A0500065A000085544505F53656E640000000021
:10A0600079CB00080B4D4FF480660B4C00230B4955
:10A070003246286906F0AAFA0BF012FC074802F0F3
:10A0800005FDD4F82801401CC4F828010BF028FC79
:10A09000ECE7000078000024A01D04248C150424A3
:10A0A0007CB5104A1023104CD2F81C51012D06D05B
:10A0B000D2F81821012A0AD04FF0FF307CBD0B4A9C
:10A0C000CDE900230A4601462069002306E0084A3C
:10A0D000CDE900230A460146E068002306F08AFB2A
:10A0E0007CBD0000A01D0424780000248C190424E9
:10A0F0007C1504247FB500240094019402940394F9
:10A10000FCF766F907218DF808108DF80C40012541
:10A110008DF8094003228DF80D4012488DF800504B
:10A120008DF80A408DF80E408DF801400190684688
:10A130008DF80B208DF80F50FCF71CF90A480D2103
:10A140008DF808108DF80E508DF80150019068467A
:10A150008DF809408DF80F40FCF70CF90420FCF74E
:10A1600045F97FBD000004300040043030B58BB0AD
:10A17000002468461C21079408940994F6F779F99D
:10A180001D4801211B4B04258A040360C0E90124FA
:10A19000C0E9034504750A0344758161047744628C
:10A1A0008462C0E90B42446380F83840C163F8F729
:10A1B000FFFC08B1F7F75AFE0F4807A90794F8F714
:10A1C00053FA08B1F7F752FE0C48062140F2FF722D
:10A1D00003928DE8130008486946CDE904548DF8D0
:10A1E0001940F8F7D5FA002801D0F7F73FFE0BB079
:10A1F00030BD000000200240A404042404006008D4
:10A20000114808B5016841F001010160016801F0E1
:10A2100001010091016841F0020101600068002223
:10A22000052100F0020000900C20FCF721F90C2021
:10A23000FCF711F9002205210E20FCF719F9BDE801
:10A2400008400E20FCF707B9D844025804490548D5
:10A2500010B5F7F70DFE0249491E087010BD000049
:10A260003D020424280204241B4800212DE9F0416A
:10A27000184F4FF4407507600124C0E9025100F106
:10A2800014080474417409261E27817488E8D000DC
:10A290000F25C0E9086404232024C0E90A35C0E979
:10A2A0000C3183631222C0E90F341023C0E911215D
:10A2B000C0E91321C0E91521C0E91713C0E919123B
:10A2C000FBF7ACF9002803D0BDE8F041F7F7CEBDAD
:10A2D000BDE8F08100A00040C80D04241C48002106
:10A2E0002DE9F041194E4FF4407506600124C0E994
:10A2F000025104741E254174092781740F2644619C
:10A300000423C0E90675C0E908744FF4A065202451
:10A31000C0E90A36C0E90C3583631222C0E90F3464
:10A320001023C0E91121C0E91321C0E91521C0E9BA
:10A330001713C0E91912FBF771F9002803D0BDE823
:10A34000F041F7F793BDBDE8F081000000A40040A4
:10A35000680E042400B587B001F052FC06491C22A7
:10A360006846F6F75FF80021684608F0B1FB03493C
:10A37000086007B000BD00001C6A0108000000244E
:10A380002DE9F04F87B014216846F6F772F854486B
:10A39000016841F002010160016801F002010591CC
:10A3A000016841F008010160016801F008010591B0
:10A3B000016841F004010160016801F004010591A8
:10A3C000016841F001010160016801F0010105919E
:10A3D000016841F020010160016801F02001059150
:10A3E000016841F080010160016801F08001059180
:10A3F000016841F01001016000680022DFF8E4907C
:10A400004FF4C07100F0100005904846FBF711FFB3
:10A41000DFF8D4A0002280215046FBF70AFFDFF8C6
:10A42000CC804FF48066002231464046FBF701FFA6
:10A43000DFF8BCB0012211465846FBF7FAFE77015F
:10A440002C4800223946FBF7F4FE012239465046DB
:10A45000FBF7EFFE0125694680200024CDE90005C9
:10A460000320CDE902404846FBF7C8FD6802009092
:10A4700002206946CDE90104CDE903455046FBF7CA
:10A48000BDFD48F280000090CDE901546946504678
:10A490000394FBF7B3FD00966946CDE901544046AD
:10A4A0000394FBF7ABFD00956946CDE9015458468E
:10A4B0000394FBF7A3FD28020090CDE901546946FF
:10A4C00048460394FBF79AFD00976946CDE901548D
:10A4D00008480394FBF792FD07B0BDE8F08F000039
:10A4E000E0440258000C02580004025800080258C8
:10A4F00000140258001002582DE9F0435E4DC022AE
:10A500008BB04FF0650CA8234FF000092E1D2A7068
:10A5100001206B70FF21A870341D85F803C03170D5
:10A520007170B17086F80390544922706370A07006
:10A53000E070096802297DD0504991F808712F70A8
:10A5400091F809216A7091F80A31AB7091F80B11FA
:10A55000E970002127706270A370E07008460AF06D
:10A56000D1F82888A978EA7847BA454B90FA90FC48
:10A57000444D3F0490FA90F847EA01274FEA0C4C0B
:10A580004CEA012C17431FFA8CFC40BA4FEA0848EA
:10A590003F0648EA0121C0B2114347EA0C2C4CEABD
:10A5A000002040EA1160A4F1140108603088B178FD
:10A5B000F27846BA90FA90FC360446EA01264FEA51
:10A5C0000C4C16434CEA012C90FA90F81FFA8CFCC4
:10A5D000360646EA0C2640BA4FEA084C4CEA0121FE
:10A5E000C0B2114346EA002040EA1160A4F1100114
:10A5F00008602088A178E27844BA46BA240490FA28
:10A6000090FC360444EA012446EA0126144340BA89
:10A61000B6B24FEA0C4C24064CEA0121C0B21143F9
:10A6200044EA062444EA002040EA11601249091F66
:10A63000086000E01CE0CDF800900A1FCDE901534E
:10A6400011480B46083907F0E3FC0F4807F018FFE4
:10A650000D4808F035F80D490B4807F077FF0C4915
:10A660001C2203A8F5F7DEFE074903A808F030FA1C
:10A670000BB0BDE8F08300009C000024A01D042462
:10A68000D5480108B9E800089C19042415E700081A
:10A69000586A010870B5154807224FF48005124E1C
:10A6A00000212C01C0E902120161E300C0E9051498
:10A6B000C0E9073141625A008162C162C0E90D21DF
:10A6C000C163016441648164C16401654165816560
:10A6D000C0E90065FDF768FC002803D0BDE87040C4
:10A6E000F7F7C4BB70BD0000003C0040080F042415
:10A6F0007047000030B587B019480024174945F667
:10A70000BF5242F20F730094802501940294039487
:10A7100004940594069480E816008561C0E903342A
:10A72000FDF7EAFD08B1F7F7A1FB4FF48050009068
:10A730000B486946FDF77AFF08B1F7F797FB084821
:10A7400004A904940694FDF753FD08B1F7F78EFBB6
:10A750000348FDF70DFF07B030BD0000000C0040BE
:10A76000900F0424704700002DE9F04700220521D6
:10A77000382088B0FBF77CFE3820FBF76CFE002603
:10A780003B4C009601960296039604960596069613
:10A790006068384D00EB400101EB001005EB8000D4
:10A7A00006618661FDF7A8FD08B1F7F75FFB4FF47E
:10A7B00080500090606800EB400101EB001069469A
:10A7C00005EB8000FDF732FF08B1F7F74FFB60683B
:10A7D00000EB400101EB001005EB8000FEF77FF974
:10A7E00008B1F7F743FB04960696606800EB40015A
:10A7F00001EB001004A905EB8000FDF7F9FC08B19E
:10A80000F7F734FBDFF870900026DFF870A0A9F5A9
:10A8100001771DE000EB800C57F82610C0EBC00359
:10A8200009EB8C0200EB400803EB8303C1EBC10C86
:10A8300052F8212008EB00100AEB830105EB8000A1
:10A8400001EB8C01FEF7B9F808B1F7F70FFB761CA6
:10A85000206986426068DDD300EB400101EB001007
:10A8600005EB8000FEF708F808B0BDE8F0870000AF
:10A87000D401002480A60424FCA704249095042479
:10A8800070B5314C608800285DD000EB80022F4D00
:10A8900002EB40100C2205EB8000002140F8881CE0
:10A8A00040E9211240F87C1C40F8781C40F8741CE8
:10A8B00040F8701C40F86C1C9438FEF7E4FD08B1B9
:10A8C000F7F7D4FA608800EB800101EB401005EB4C
:10A8D00080009438FFF70CF808B1F7F7C7FA6088E2
:10A8E00000EB800101EB4010002105EB8000943863
:10A8F000FEF7A1FD08B1F7F7B9FA608800EB800117
:10A9000001EB4010002105EB80009438FEF76DFD4F
:10A9100008B1F7F7ABFA608800EB800101EB40105B
:10A9200005EB80009438FEF794FB08B1F7F79EFA28
:10A9300007496068FBF762FB0549A068BDE8704005
:10A940001431FBF75BBB70BDF001002420A9042487
:10A9500048B80424FEE70000F0B50E4C01892269D6
:10A96000914215D0E2680C4D0A44C4E90321A26863
:10A970000021534208E04218967A626802EB83474E
:10A98000521C491CEE55626042880A3A8A42F2DC47
:10A99000F0BD00000802042408020024FEE70000C5
:10A9A00008491CB502780A7080224078487014313A
:10A9B0000520044BCDE90001074803A10BF020FE60
:10A9C0001CBD000008020424466C6173685F55706A
:10A9D0006461746500000000D12300082DE9F04790
:10A9E000454D044689464FF0000A2868C043800759
:10A9F0000AD0414E283E306820F080603060FBF77E
:10AA000023FC0746B04608E00120BDE8F08700BF00
:10AA1000FBF71AFCC01B022867D8D8F80000000119
:10AA2000F6D4206829684FF4FE0721F47C313E02F9
:10AA300041EA00302860207AA389B4F804C04002BB
:10AA40002D4D2D495B1E227CACF1010C1035091DEA
:10AA5000A0F5007080B2521ECCF3080C07EA034345
:10AA600040EA0C00184306EA0262104328600868B6
:10AA7000626920F0C000104308600A68A06922F0F3
:10AA8000200202430A60281D0A6822F010020A60B0
:10AA900002684FF6F873E4699A4342EAC40202601E
:10AAA0000868B9F1000F40F010020A6011D0086880
:10AAB000B9F1010F11D040F400100860D8F800007F
:10AAC000444640F08060C8F80000FBF7BDFB054637
:10AAD0000DE0086840F40020EFE740F48010ECE758
:10AAE000FBF7B2FB401B022801D903208DE7206849
:10AAF0000001F5D5504688E7284402582DE9F04773
:10AB0000454D044689464FF0000A2868C043800737
:10AB10000AD0414E283E306820F080503060FBF76C
:10AB200093FB0746B04608E00120BDE8F08700BF70
:10AB3000FBF78AFBC01B022867D8D8F8000080000A
:10AB4000F6D4208829684FF4FE0721F07C713E027C
:10AB500041EA00502860207AA389B4F804C040027A
:10AB60002D4D2D495B1E227CACF1010C1835091DC1
:10AB7000A0F5007080B2521ECCF3080C07EA034324
:10AB800040EA0C00184306EA026210432860086895
:10AB9000626920F44060104308600A68A06922F4EA
:10ABA000007202430A60281D0A6822F480720A605B
:10ABB00002684FF6F873E4699A4342EAC4020260FD
:10ABC0000868B9F1000F40F480720A6011D008687B
:10ABD000B9F1010F11D040F080700860D8F8000082
:10ABE000444640F08050C8F80000FBF72DFB0546B6
:10ABF0000DE0086840F48000EFE740F40000ECE767
:10AC0000FBF722FB401B022801D903208DE72068B7
:10AC10008000F5D5504688E72844025813494FF480
:10AC20006872134810B5F7F7CDFB12494FF4347230
:10AC30000F480AF0FFFC0E480F49D0F8D0228A4294
:10AC400012D1D0F8D402A0F57F41FF390CD00B49C6
:10AC500064220B480AF0EEFC09486422BDE810406B
:10AC6000084964300AF0E6BC10BD000000001A0874
:10AC700098690424A01D042478563412D00D0424AD
:10AC80006C6C0424700E042410B515494FF4347212
:10AC9000044614480AF0CEFC1349642213480AF013
:10ACA000C9FC11496422124864310AF0C3FC0C4902
:10ACB000022310484FF46872C1F8D0020E490848C8
:10ACC000F7F7F2FB01202146F7F7C6FB607808B1E1
:10ACD000FBF700FCBDE8104000200AF0D5BE0000E4
:10ACE00098690424A01D04246C6C0424D00D042451
:10ACF000700E04247856341200001A0870B590B013
:10AD00001D4600240DF1080C01940223CDE9050134
:10AD1000012615488CE84C0001A9FAF737F9F5B17E
:10AD200002221148002311460094FAF76EF90E48EA
:10AD300009A90A940994FAF7E5F80B48FAF7E6F935
:10AD400009480122C16AFAF779F90748FAF717FFAB
:10AD5000054800220121FAF75DF810B070BD0248E5
:10AD60000121FAF793F9F8E7C80D042470B590B003
:10AD70001D4600240DF1080C01940223CDE90501C4
:10AD8000012615488CE84C0001A9FAF7FFF8F5B147
:10AD900002221148002311460094FAF736F90E48B2
:10ADA00009A90A940994FAF7ADF80B48FAF7AEF935
:10ADB00009480122C16AFAF741F90748FAF7DFFEAC
:10ADC000054800220121FAF725F810B070BD0248AD
:10ADD0000121FAF75BF9F8E7680E04241CB5074A6D
:10ADE0000521131F5870D31ECDE900120A484FF4F5
:10ADF000807203A10BF004FC1CBD000004020024BF
:10AE00005365745F43414E5F436F6E6669675F745D
:10AE10006F5F4D435500000069B300082DE9F05FF6
:10AE2000634EC2EB02170446604D02EB8200624B98
:10AE300000EB42185F4806EBC707DFF880C105EB5F
:10AE400088064FF0000B00EB020A5D48A6F25C6535
:10AE5000012903EB82090CEB8208A6F58056A7F5C1
:10AE6000805701D0A1B373E00068002870D10D2A8B
:10AE700017D008DC012A0DD0022A63D00B2A10D08B
:10AE80000C2A65D10DE00E2A0BD00F2A09D0FF2A1B
:10AE90005ED11EE0A278A11D2088921F02F0EAFC7C
:10AEA00056E01AF80B0C38B139F82C1C012258F86E
:10AEB0002C0C89B2FBF7BDF96288A11D2846921FB0
:10AEC00092B2FEF7DBFE2022C6F82C2A01205EE0BB
:10AED00006E0A278A11D2088921F02F0CBFC31E091
:10AEE0000168022900D0B2B10C2A34D007DC7AB153
:10AEF000012A1AD0022A1FD00B2A29D12BE00D2AB1
:10AF000029D00E2A27D00F2A25D0FF2A20D143E0AE
:10AF1000006801281CD1A178E01DC91F02F022FDA4
:10AF2000A071204600F0FCF812E0A178E01DC91FD6
:10AF300002F018FDA071ADE7A178E01DC91F02F075
:10AF400011FDA071A11DA2782088921F02F0CEFCF5
:10AF50000020BDE8F09FA178E01DC91F02F002FDAE
:10AF6000A0711AF80B0C38B139F82C1C012258F8D2
:10AF70002C0C89B2FBF75DF96288A11D2846921F4F
:10AF800092B2FEF77BFE2021C6F82C1A012087F82A
:10AF90000D0B87F80CBBDBE700680228BBD1A1785A
:10AFA000E01DC91F02F0DEFCA07192E720A9042475
:10AFB00098B30424C4A80424F8A80424D0A8042422
:10AFC000A01D04242DE9F041DFF84C810027534DEA
:10AFD0000646012186B0D8F804010123032200F5BA
:10AFE000806080B22880CDE90271019704950097B6
:10AFF0003178F5F7DAFE327800212846FFF70EFFA8
:10B000000A200AF01BFD4FF6FF740495CDE90247B4
:10B0100001940094D8F80020317893B22888042253
:10B02000F5F7C3FE327800212846FFF7F7FE14201B
:10B030000AF004FDCDE90247049501940094D8F884
:10B040000421317893B228880522F5F7AEFE3278D4
:10B0500000212846FFF7E2FE14200AF0EFFCCDE9BC
:10B060000247049501940094D8F81021317893B2E6
:10B0700028880822F5F799FE327800212846FFF744
:10B08000CDFE14200AF0DAFCCDE902470495062231
:10B0900001942346009431782888F5F786FED8F885
:10B0A00008010021A86028463278FFF7B7FE142077
:10B0B0000AF0C4FCCDE90247049507220194234617
:10B0C000009431782888F5F770FED8F80C0100213B
:10B0D000A86028463278FFF7A1FE14200AF0AEFCE3
:10B0E000CDE90247049501940094D8F814212888EA
:10B0F00093B231780922F5F758FE327800212846BC
:10B10000FFF78CFE14200AF099FC06B00020BDE881
:10B11000F0410AF0B9BC0000A01D0424A6010024DF
:10B12000F8B504460AF0BCFB124D134E6968491C81
:10B13000C81701EB107020F00F00081A686006EBCA
:10B14000802000900AF0CCFB6868618806EB8020C4
:10B1500004E000BF14F8012B00F8012B491EF9D2BE
:10B160000648D0F8040800231A4669460AF004FF8E
:10B17000F8BD0000880100247829042470200424EC
:10B180002DE9F04F85B0044614216846F5F771F9B2
:10B19000E079152804D04FF0FF3005B0BDE8F08FFE
:10B1A0006D4DDFF8B8C1227A0CF59668DFF8B091E2
:10B1B0006888A8F6C821D3B201F1500600EB8007D9
:10B1C000C0EB001207EB401701F6787A01F68C7B92
:10B1D0000CEBC20C0D2B01EB800108EBC20206EB5D
:10B1E000870747D2DFE803F0B507474C51565D6A41
:10B1F0007C7F8D969B006189012926D10A304F46BC
:10B20000A9F80400FFF73CFB688800EB400101EB64
:10B21000402100EB800202EB401007EB410106EBFE
:10B22000800094384FF48062A1F58061FDF731FF12
:10B23000688800EB800101EB401006EB800050F8BD
:10B24000940C016841F0100101606089002811D15F
:10B2500068880021434A024402F8011C00EB800187
:10B2600001EB401006EB80009438FEF70CF908B1B2
:10B27000F6F7FCFD6DE0D4F80A0047F8940C68E09E
:10B28000D4F80A0047F8900C63E0D4F80A0047F8B5
:10B290008C0C5EE0D4F80A006860D4F80E00A86058
:10B2A00057E02D4862890C30CAF80020618901807E
:10B2B000A289CBF80020A18941804AE0D4F80A0095
:10B2C0004CF8740CD4F80A00401C42F8740CE18964
:10B2D000CAF81010E189CBF81010208A288038E0D5
:10B2E0006089688035E000EB4002618902EB402212
:10B2F00001F5806109EB4200A0F58050A0F8FA1B2F
:10B3000027E0D4F80A0042F8780CD4F80E004CF884
:10B31000780C1EE0D4F80A0041F8040C19E0114A38
:10B32000012654F80A3F343202EB80070222002043
:10B3300047F8043C2368CDE90202CDE9003651F814
:10B34000040C6946FAF75AFE69880648084400F872
:10B35000016C002021E70000F0010024E8AE042485
:10B36000546D0424C4A80424144A124810B5124988
:10B370001060134801601046F9F772FE08B1F6F745
:10B3800075FD0F48F9F76CFE08B1F6F76FFD0B4835
:10B39000FAF744F908B1F6F769FD0948FAF73EF9FA
:10B3A00008B1F6F763FD00F00DF8BDE8104000208D
:10B3B0000AF06ABB00A0004000A40040C80D0424AD
:10B3C000680E04242DE9F0411D4C206860B3D4F8C8
:10B3D000040100234FF6FF751A462946FFF78EFC3D
:10B3E00040F2FE362946002330460122FFF786FC54
:10B3F000771E2946012338460222FFF77FFCD4F846
:10B400000401002303222946FFF7B0FC002329464C
:10B4100004223046FFF7AAFC0123294605223846BC
:10B42000BDE8F041FFF7A2BC0022012311461046FF
:10B43000FFF764FC012300211A460846F0E70000EC
:10B44000A01D04240EB5FFF757F8FFF7BBFF01F06E
:10B45000F3FB02A904200023CDE9000102020D48FC
:10B4600008A10BF0CDF84FF4FA700AF0E7FA0122C8
:10B4700009481146FAF7DDFE084C20460AF0DEFACC
:10B48000FBE700004C5749505F534F434B5F496EF9
:10B4900069740000F19E000800140258005A62020C
:10B4A0001CB5064A0521A2F108031870CDE9001267
:10B4B0000948802202A10BF0A3F81CBD90010024D2
:10B4C00053656E645F414C4C5F4D61696E5F434FE5
:10B4D0004E46494700000000C5AF0008502010B597
:10B4E00080F31188BFF34F8FBFF36F8F0BF0FCF821
:10B4F00018B104494FF080500860002080F3118893
:10B5000010BD000004ED00E070B59CB04C21684611
:10B51000F4F7AFFF202113A8F4F7ABFF0220FAF7EE
:10B52000EBFF224800242249026842F440420260B4
:10B5300002680A6842F001020A60096801F001012C
:10B540001B9101688904FCD50DF1280C01210091A3
:10B55000022009900523C0260C214FF4A02201925D
:10B560008CE84900CDE90D0108250F90CDE9105474
:10B5700068461294FCF75CFA08B172B6FEE7402008
:10B580001A903F210301CDE916500322CDE918039B
:10B5900013AB13A883E816000421FCF70BF800286E
:10B5A00001D072B6FEE71CB070BD0000184802580A
:10B5B0002C0400582C48F0B52C4A016841F4700165
:10B5C0000160106800F00F00072804D2106820F016
:10B5D0000F00C01D106026490020254C10340B6858
:10B5E000244D43F001030B6020600B682B400B607F
:10B5F000136803F00F03072B04D9136823F00F031C
:10B60000DB1D13601A4C1C4A18341C4B261D371DB9
:10B610002060174C1A4D28343060261D3860371DC5
:10B6200023603B1D35601C1D3A60251D2E1D1860D2
:10B63000331D22602860326018600A680C4B114C80
:10B6400022F4802260330A60186020686FF30F00D4
:10B65000B0F1005F03D20C490120C1F8080143F2A8
:10B66000D2000A490860F0BD88ED00E000200052D9
:10B67000004402587FEDF6EA800201010002020256
:10B680000000FF010010005C0080005100400052EB
:10B690000148FDF74BB80000900F04240148FDF766
:10B6A00045B80000DC0F04240148FDF73FB8000056
:10B6B000281004242DE9F04702684FF0804A274CF7
:10B6C000274D284EA042284F284B09D0504507D07F
:10B6D000A84205D0B04203D0B84201D0984204D16C
:10B6E00022F0700C4A6842EA0C02DFF884C0DFF8EE
:10B6F0008480A042DFF880900FD050450DD0A84242
:10B700000BD0B04209D0B84207D0984205D060456E
:10B7100003D0404501D0484503D122F44075CA68A2
:10B720002A434D6922F080022A438D68C5620D6864
:10B730008562A04207D0984205D0604503D04045BD
:10B7400001D0484501D109690163016841F0040154
:10B750000160012141610260BDE8F0870000014005
:10B760000004004000080040000C004000040140BC
:10B77000004001400044014000480140012301F025
:10B780001F0110B5046A8B409C430462036A8A401F
:10B790001343036210BD10B5846B0121626A8242BB
:10B7A00005D12177C069F8B984F83E101CE0A26A7F
:10B7B000824206D102222277C069A8B984F83F10DC
:10B7C00012E0E26A824206D104222277C06958B9A7
:10B7D00084F8401008E0226B824205D108222277CB
:10B7E000C06908B984F841102046FDF7ABF9002084
:10B7F000207710BD10B5846B616A814201D10120B0
:10B800000DE0A16A814201D1022008E0E16A814293
:10B8100001D1042003E0216B814201D1082020776F
:10B820002046FDF7A9F90020207710BD10B5846BE4
:10B830000121626A824203D1217784F83E1019E027
:10B84000A26A824204D10220207784F83F1011E0DE
:10B85000E26A824204D10420207784F8401009E093
:10B86000226B824204D10820207784F8411001E045
:10B8700084F83D102046FCF757FF0020207710BDCC
:10B8800010B5846842EA03220A4324F47F44224329
:10B89000826010BD8268034B1A400A4342F00701E0
:10B8A000816070478FFFCFFF2DE9F043056A026A80
:10B8B00022F0010202624268836925F002051B4CF6
:10B8C0001C4E23400C6823F003031B4F1C438B6862
:10B8D000DFF868C02B43164DDFF86490A84207D00C
:10B8E000B04205D0B84203D0604501D0484506D1EA
:10B8F00023F00808CB6843EA080323F00403A842B6
:10B9000007D0B04205D0B84203D0604501D04845C9
:10B9100005D14D6922F4407215438A692A43426079
:10B920008461496841630362BDE8F0838FFFFEFFD5
:10B93000000001400004014000400140004401407B
:10B9400000480140F0B5046A026A22F01002026267
:10B9500042688369194D1B4E2B400D6823F44073D8
:10B9600043EA052524F020038C6843EA0413144CB1
:10B97000A04201D0B04206D1CF6823F0800343EA51
:10B98000071323F04003A0420AD0B04208D00E4C67
:10B99000A04205D00D4CA04202D00D4CA04207D1D0
:10B9A0004C6922F4406242EA84028C6942EA8402D1
:10B9B00042608561496881630362F0BDFF8FFFFECD
:10B9C00000000140000401400040014000440140EB
:10B9D00000480140F0B5056A026A22F480720262F2
:10B9E0004268C369194C1B4E23400C6823F00303C3
:10B9F0001C4325F400738D6843EA0523144DA842C7
:10BA000001D0B04206D1CF6823F4006343EA072394
:10BA100023F48063A8420AD0B04208D00E4DA84259
:10BA200005D00E4DA84202D00D4DA84207D14D6958
:10BA300022F4405242EA05128D6942EA0512426040
:10BA4000C4614968C1630362F0BD00008FFFFEFF5F
:10BA5000000001400004014000400140004401405A
:10BA60000048014030B5046A026A22F48052026242
:10BA70004268C36924F40054114D2B400D6823F42F
:10BA8000407343EA05238D6844EA05340D4DA8420E
:10BA90000BD00D4DA84208D00C4DA84205D00C4D3E
:10BAA000A84202D00B4DA84204D14D6922F4804235
:10BAB00042EA85124260C36149680164046230BD94
:10BAC000FF8FFFFE000001400004014000400140E4
:10BAD000004401400048014030B5046A026A22F483
:10BAE000803202624268436D114D2B400D681D4348
:10BAF00024F400330C8943EA04430E4CA0420BD0DB
:10BB00000D4CA04208D00D4CA04205D00C4CA042D8
:10BB100002D00C4CA04204D14C6922F4803242EA9B
:10BB200004224260456549688165036230BD0000BA
:10BB30008FFFFEFF00000140000401400040014073
:10BB4000004401400048014030B5046A026A22F412
:10BB5000801202624268436D24F40014104D2B40A1
:10BB60000D6843EA05230D8944EA05540D4DA842AA
:10BB70000BD00D4DA84208D00C4DA84205D00C4D5D
:10BB8000A84202D00B4DA84204D14D6922F4802274
:10BB900042EA8522426043654968C165046230BD5E
:10BBA000FF8FFFFE00000140000401400040014003
:10BBB000004401400048014010B5046A036A23F0C4
:10BBC00001030362836923F0F00343EA02138361F4
:10BBD00024F00A020A43026210BD10B5036A046A27
:10BBE00024F010040462846923F0A00343EA0111E5
:10BBF00024F4704444EA02328261016210BD000004
:10BC00001CB5434840F60801F4F733FC08F05CFD2E
:10BC10000020009001900121684606F0D1FE3D49C8
:10BC20000860FEF7FBFF3C48D0F83C013B498842E6
:10BC300037D03949002008604FF480713648001D24
:10BC4000F4F717FC34496520C1F8040134A004F06E
:10BC50009DF93149C1F8080135A004F097F92E4942
:10BC6000C1F80C0143F69820C1F810014FF4FA60B6
:10BC7000C1F814010020C1F82001C1F82401C1F865
:10BC80002801C1F82C01C1F83001C1F83401C1F814
:10BC900038012248C1F83C01FF20294908700120E1
:10BCA00048704FF6FF712748D0F8D402884208D078
:10BCB00024481A49D0F8D002884202D120490120F4
:10BCC0008870214C1549206888420FD01248D0F85E
:10BCD000380118B91D4802F04DFF07E00E48D0F8B2
:10BCE0003801012802D11A4802F044FF02F01CFF7B
:10BCF0000421002288010AF0A1F80549C1F80408CE
:10BD00004FF480710448001DF4F7B3FB1CBD000024
:10BD1000702004247C010024A01D042478563412D1
:10BD20003139322E3136382E332E31303100000089
:10BD30003139322E3136382E332E32343400000071
:10BD40008C6904249869042400F007240000040886
:10BD500000000A081A4C0025607830B102282078CB
:10BD600007D00021F5F736F86570A078012802D0D9
:10BD700004E00121F6E7FFF731F8A57020790128EA
:10BD800003D1E078FFF78CFB25716079012803D19E
:10BD9000A01D6571FEF704FEA06801280BD10949BA
:10BDA00064220868401C086090FBF2F302FB130059
:10BDB00008B909F08BFC0A2006F0DEFCCCE7000095
:10BDC0008C690424C40100242DE9F84FB0F808C0A0
:10BDD000BCF11E0F06D0C17917291FD04FF0FF30DC
:10BDE000BDE8F88F054600F0AFFF00F0BDFF00246E
:10BDF0000EE000BF421904EB4001481904F10C01A8
:10BE00002E19037BA0B2525C317B00F07DFF641CD5
:10BE10006889A042EEDC00F0A7FFE8E1F54B41891C
:10BE20001F46F54C8946DFF8D4B3491E5960828914
:10BE3000A4F54466009204F5BE7E521E9A60D7E9CE
:10BE400003A7BCF11E0FCAEB0A15E6D2DFE80CF01F
:10BE5000170F18212A3342505B6977858F9DACB745
:10BE6000C3CFDBF2FEEFEEEDECEBEAE9E8E701EB46
:10BE70004102D0F80E0002EB011144F82100B6E1B6
:10BE800001EB4102D0F80E0002EB011104EB81013D
:10BE90009FE001EB4102D0F80E0002EB011104EB30
:10BEA0008101A2E001EB4102D0F80E0002EB01118A
:10BEB00004EB8101A5E0D0F80E0040B101EB410098
:10BEC00000EB011004EB8000FCF748FA8FE1FEF76D
:10BED0004BFC8CE101EB810491000EEB8404781C97
:10BEE00044F82210C449883941F8272018617EE1BE
:10BEF000C1EBC101D0F80E30C2EBC20201EB8101EF
:10BF00000BEB81003EE0C1EBC101D0F80E30C2EB7B
:10BF1000C20201EB81010BEB810000EB8200436068
:10BF200065E1C1EBC101D0F80E30C2EBC20201EBFA
:10BF300081010BEB810000EB8200836057E1C1EBD4
:10BF4000C101D0F80E30C2EBC20201EB81010BEB54
:10BF5000810000EB8200036149E1A94B01EB810103
:10BF6000D0F80E0003EB810141F822003FE1D0F848
:10BF70000E3001EBC104A34804EB011102EB820275
:10BF800000EB810040F8223031E1D0F80E4001EBA7
:10BF9000C1039C4803EB011102EB820200EB81001C
:10BFA00000EB8200046122E1C1EB0111D0F80E0028
:10BFB00001EB810106EBC10141F8350017E1C1EB4E
:10BFC0000111D0F80E0001EB810106EBC10101EB7C
:10BFD000C50148600BE1C1EB0111D0F80E0001EB87
:10BFE000810106EBC10101EBC5018860FFE0C1EBF7
:10BFF0000111D0F80E0001EB810106EBC10101EB4C
:10C00000C501C860F3E0C1EB0111D0F80E0001EBEF
:10C01000810106EBC10101EBC5010861E7E0D9E050
:10C02000C2E0B7E073E04BE040E033E026E019E027
:10C030000CE0FFE7C1EB0111D0F80E0001EB81012C
:10C0400006EBC10101EBC5014861D0E0C1EB011174
:10C05000D0F80E0001EB810106EBC10101EBC50137
:10C060008861C4E0C1EB0111D0F80E0001EB810141
:10C0700006EBC10101EBC501C861B8E0C1EB0111DC
:10C08000D0F80E0001EB810106EBC10101EBC50107
:10C090000862ACE0C1EB0111D0F80E0001EB8101A8
:10C0A00006EBC10101EBC5014862A0E0C28901EBCA
:10C0B00081005149323901EB400121F81A2096E004
:10C0C0004D4CC0894C3C012802D0022810D08EE093
:10C0D00001EB81000119484C3944012001F8010CA1
:10C0E000DA605869411C603C44F8202059617EE0C8
:10C0F00001EB81012144404C3944022001F8010C3C
:10C100009869411C743C44F8202099616FE001EB70
:10C1100081050EEB850353F822208AB1042A19D039
:10C12000082A21D00C2A29D0102AD0F80E0001EBC1
:10C13000410202EB011154F8211029D0C86556E0E4
:10C1400001EB4102D0F80E0002EB011154F821106E
:10C1500048634CE001EB4102D0F80E0002EB011104
:10C1600054F82110886342E001EB4102D0F80E0040
:10C1700002EB011154F82110C86338E001EB4102D1
:10C18000D0F80E0002EB011154F8211008642EE0E3
:10C1900088652CE001EB4102D0F80E0002EB0111A2
:10C1A00054F82110886222E04FEA1923857B03EBC3
:10C1B0008302EEB203EB43050EEB8201D0F80E20B2
:10C1C00005EB0310009B51F8261004EB8000FCF7F0
:10C1D00063FD0CE04FF0FF3202EB19221A70597028
:10C1E000017CC089CAB2C1B2000A00F0F3FD002090
:10C1F000F6E50000D401002480A6042490950424D0
:10C2000060A804244C9804240148FDF7A3B9000059
:10C21000DCAA04240148FDF79DB9000070AB04249A
:10C2200030B5416EB9B101680D4B03F108048A685D
:10C230008968C2F34262490F5D5C615C2D01B5FB08
:10C24000F1F1A0F86A10995CA25C0901B1FBF2F16E
:10C25000A0F8681030BD0121A0F86A10F8E70000CE
:10C26000F06A010890F82810090706D50168836B69
:10C270004A6822F400421A434A6090F82810C9071D
:10C2800006D00168C36A4A6822F400321A434A6041
:10C2900090F82810890706D50168036B4A6822F4D4
:10C2A00080321A434A6090F82810490706D5016881
:10C2B000436B4A6822F480221A434A6090F828109F
:10C2C000C90606D50168C36B8A6822F480521A43F6
:10C2D0008A6090F82810890606D50168036C8A6880
:10C2E00022F400521A438A6090F82810490611D5AA
:10C2F0000168436C4A6822F480121A434A60416C18
:10C30000B1F5801F06D10168836C4A6822F4C0022F
:10C310001A434A6090F82810090606D50168C26CD5
:10C32000486820F400201043486070472DE9F84326
:10C3300000250446C0F89050F9F786FF8046206833
:10C3400020266FF07E470068000713D50022434681
:10C3500031042046009700F04FFB58B1216851E8A6
:10C36000000F20F0800041E80002002AF6D1C4F856
:10C37000886021E020680068400722D500224346FB
:10C380004FF480012046009700F036FBC8B12068CA
:10C3900050E8001F21F4907140E80012002AF6D105
:10C3A0002068083050E8001F21F0010140E8001229
:10C3B000002AF5D1C4F88C60032084F88450BDE8CD
:10C3C000F883C4F88860C4F88C60E56625670020AF
:10C3D00084F88450F3E710B5806B0021A0F85E105C
:10C3E000FDF774F810BD70B5846B00252168D4F892
:10C3F0008800D4F88C608968090606D5212804D104
:10C40000A4F85650204600F0B5F820688068400631
:10C4100006D5222E04D1A4F85E50204600F080F804
:10C42000D4F8900040F01000C4F890002046FDF7CA
:10C430004DF870BD10B5C1690022806BB1F5807FE9
:10C440002DD0A0F85E20036853E8001F21F480710E
:10C4500043E80014002CF6D10168083151E8003F90
:10C4600023F0010341E80034002CF5D101680831C4
:10C4700051E8003F23F0400341E80034002CF5D19F
:10C480002021C0F88C10C16E012908D1016851E843
:10C49000003F23F0100341E80034002CF6D102677E
:10C4A000C16E012902D0FDF7E7FB10BDB0F85C10AA
:10C4B000FCF714FE10BD10B5806B01210167C16E41
:10C4C000012902D0FDF7D9FB10BDB0F85C10490876
:10C4D000FCF704FE10BD10B5C169806BB1F5807F1B
:10C4E00016D00021A0F856100168083151E8002F3D
:10C4F00022F0800241E80023002BF5D1026852E8C7
:10C50000001F41F0400142E80013002BF6D110BD9E
:10C51000FDF7FCFB10BD10B5806BFDF72BFC10BDCB
:10C5200010B5026852E8001F21F4907142E8001330
:10C53000002BF6D10E4B0268083252E8001F19405A
:10C5400042E80014002CF6D1C16E012908D102681E
:10C5500052E8001F21F0100142E80013002BF6D131
:10C5600000212022C0F88C20C166416710BD000068
:10C57000FEFFFFEF026852E8001F21F0C00142E811
:10C580000013002BF6D10168083151E8002F22F486
:10C59000000241E80023002BF5D12021C0F88810CB
:10C5A000704700002DE9F04304468068D84E87B0FC
:10C5B000D84B2168D4E90427D4F81CC010430A687A
:10C5C000002547EA0C073843324002430A602068DE
:10C5D000E268416821F44051114341602268A16939
:10C5E0009A4201D0206A01439768DFF82CC3CB4EF2
:10C5F000CB4807EA0C070F4397602168676ACA6A4D
:10C6000022F00F023A43CA622268B2420ED1006899
:10C6100000F03800182873D047DCB8B3082879D068
:10C6200010286FD178E028287ED17BE0BD498A426E
:10C6300009D1006800F00700062875D2DFE800F095
:10C64000546A6C6E7072B8498A4209D1006800F071
:10C650000700062868D2DFE800F0475D5F61636588
:10C66000B2498A4209D1006800F0070006285BD26F
:10C67000DFE800F03A5052545658AD498A420BD187
:10C68000006800F0070006284ED200E010E0DFE866
:10C6900000F02B4143454749A6498A420AD1006828
:10C6A00000F03800182839D0B7DD2028BBD13CE095
:10C6B00001203AE0A0498A4209D1006800F0070051
:10C6C000062831D2DFE800F01026282A2C2E9B49BC
:10C6D0008A420BD1006800F00700062824D2DFE868
:10C6E00000F003191B1D1F2100201EE09A421BD1E0
:10C6F0008B48001D006800F00700062814D202E0F5
:10C700000CE007E010E0DFE800F0030507090B0D7F
:10C7100002200AE0042008E0082006E0102004E0DF
:10C72000202002E0402000E080208549DFF81482CC
:10C730009A42854A4FF400434FEA21174FF0000612
:10C740004ED110281AD006DC022809D004280BD0BC
:10C7500008287CD10DE020283ED0402877D13DE04C
:10C76000F9F7F4FE014610E06846F9F7A5FF0199D4
:10C770000BE003A8FAF742F8049906E01068800677
:10C7800005D51068C0F3C100C140002970D0606AAF
:10C79000676838F8102007EB4703B1FBF2F08342DB
:10C7A00055D8B0EB073F52D8002308461946F3F797
:10C7B000F1FD02467808130E120243EA0121101817
:10C7C0003A4671410023F3F7E5FD604AA0F5407158
:10C7D00091423CD821688FE03946D8E71946D6E720
:10C7E000D4F81CC04FF6EF799C4546D1082819D0E3
:10C7F00005DC58B101280CD0042875D10DE01028B3
:10C8000015D0202835D040286ED134E0FBF750F801
:10C8100001E0FBF75FF8014610E06846F9F74CFFCE
:10C8200001990BE003A8F9F7E9FF049906E0106805
:10C83000800604D51068C0F3C100C140C1B1636A6D
:10C84000606838F81330B1FBF3F1490000E04BE0C9
:10C8500001EB5001B1FBF0F0A0F11001494543D8C4
:10C860004FF6F0732168C0F342021840104343E0D2
:10C8700043E03946E3E71946E1E7082819D005DC2B
:10C8800058B101280CD004282ED10DE0102815D065
:10C8900020282BD0402827D12AE0FBF709F801E017
:10C8A000FBF718F8014610E06846F9F705FF019913
:10C8B0000BE003A8F9F7A2FF049906E010688006D0
:10C8C00004D51068C0F3C100C140B1B1636A6068AB
:10C8D00038F81330B1FBF3F101EB5001B1FBF0F08C
:10C8E000A0F11001494505D9012506E03946EDE7DB
:10C8F0001946EBE7216880B2C8600120A4F86A00FD
:10C90000A4F8680028466667A66707B0BDE8F0830C
:10C91000F369FFCF000C0058FFF4FF110010014035
:10C92000544402580044004000480040004C00407D
:10C93000005000400014014000780040007C00409E
:10C940000090D003D86A010800440258FFFC0F0091
:10C9500070B50446D0F8800000232225A165A4F814
:10C960005C20C4F89030C4F88C50F0B11F49C1630A
:10C97000D4F880101E480864D4F880101D48C8649C
:10C98000D4F8800003651346A56D2168D4F88000B3
:10C990002A462431F7F7A8FB38B11021C4F89010CB
:10C9A0002020C4F88C00012070BD206940B12168AE
:10C9B00051E8000F40F4807041E80002002AF6D1EF
:10C9C0002068083050E8001F41F0010140E80012E3
:10C9D000002AF5D12068083050E8001F41F04001DE
:10C9E00040E80012002AF5D1002070BD35C40008CF
:10C9F000B7C40008E7C300082DE9F0479946174679
:10CA00000D460446089E4FF0000833E0701C31D0FC
:10CA1000F9F71AFCA0EB0900B04218D8BEB12068A3
:10CA20000168490726D5802D24D0402D22D0C16928
:10CA3000C94309070DD4082505622046FFF770FD9C
:10CA4000C4F89050012084F88480BDE8F08703206A
:10CA5000FBE7C069C04300050CD421684FF40060B7
:10CA600008622046FFF75CFD2021C4F8901084F88E
:10CA70008480ECE72068C06935EA000004D000201B
:10CA8000B842C3D00020E0E70120F9E72DE9F047E4
:10CA9000DFF86C90002630F8027B022540F2FD386A
:10CAA00040F2FF3A0446761C322E22DCA28820880F
:10CAB0008AB140451FD0D9F8041189B2884201D00B
:10CAC000504503D12046F4F7A3F90DE0012120469B
:10CAD000FEF7A4F908E040450DD0D9F8041189B259
:10CAE0008842EFD05045EDD060880544BD420444F3
:10CAF000D9D3BDE8F08701212046FEF78FF9E1E7A1
:10CB0000A01D042438B51B4C022040F2DE35C4F8C9
:10CB1000000800BFD4F804080022694609F08AFB27
:10CB2000012816D10098D4F800182144428803E067
:10CB300010F8013B01F8013B521EF9D2D4F800086D
:10CB4000009949880844C4F80008D4F80008A842AD
:10CB5000E0D3D4F80008022808D0D4F800082080D8
:10CB6000D4F800180348FDF79BFA38BD4FF0FF30AA
:10CB700038BD000070200424094D4FF0FF36094CE9
:10CB80003146286805F070FF0028F9D1FFF7BAFF99
:10CB9000401CF5D0D4F82001401CC4F82001EFE778
:10CBA0007C010024A01D04240148FCF7D3BC000034
:10CBB00020A904240148FCF7CDBC0000B4A904243A
:10CBC000024800210170007870470000250204240B
:10CBD000012904D0022904D0032908D105E08C20C2
:10CBE00004E04FF48060108001E00120106000201C
:10CBF0007047000010469A02034B10B503EB8020EB
:10CC000008F018FD002010BD02C0042402480021D5
:10CC1000017000787047000025020424084699023C
:10CC2000044B10B503EB82230A46194608F002FDB7
:10CC3000002010BD02C004243EB52948FBF7DEFCED
:10CC40002748002428498022009401940294254B0F
:10CC5000846003608261D1F81421B2F57A6F02D347
:10CC6000224A446010E0D1F81421B2F57A7F04D34F
:10CC70001F4B032213E0491E1AE0D1F81421C82AE1
:10CC800007D31C4A13234360D1F81411B2FBF1F10E
:10CC9000F1E7D1F814316322282B06D3164B4260FA
:10CCA000D1F81411B3FBF1F1E5E74EF65F214260D4
:10CCB000C1600B48FBF7EEFA0948FBF71DFB08B112
:10CCC000F5F7D4F80648694600940294FBF790FA09
:10CCD00008B1F5F7CBF80248FBF74AFC3EBD00006F
:10CCE000DC0F042400100040A01D0424001C4E0E84
:10CCF00000879303001BB700009F2400FEE7090490
:10CD000041EA0020104370472DE9F0410D4E002408
:10CD100000EB4005174688461A4639464046FFF75D
:10CD2000EEFFA040000201D58B2100E04821601CED
:10CD300004EBC50284B206EB4200182C4181EBD310
:10CD4000BDE8F08170B8042430B5064A48210020BF
:10CD50004FF4587402EB4005431C98B2A04269811D
:10CD6000F8D330BD70B80424154A0021084630B409
:10CD7000431C22F8101098B20528F9D34FF47274AE
:10CD800040F26530431C22F8101098B2A042F9D945
:10CD90000C480D490D4C0078097800EB800200EB3F
:10CDA000400304EB820203EB001040F2C93352F857
:10CDB0002110074A30BC02EB8000014AFBF76CBF30
:10CDC00070B80424D4010024D5010024FCA7042455
:10CDD00080A60424F0B52E4C002687B033465D1C97
:10CDE00024F81360ABB2052BF9D300256B460F0670
:10CDF00002D54FF08B0C01E04FF0480C490603EBD5
:10CE0000050E6F1CBDB2090E8EF805C0082DEED3BD
:10CE10000021050601D58B2700E04827400603EBDB
:10CE2000010C4D1CA9B2000E8CF80D700829F0D32E
:10CE30000020110601D58B2500E0482552061F1859
:10CE4000411C88B2120E7D750828F2D35FF00001F4
:10CE5000002001EB41021D1800EBC207401C04EB4F
:10CE600047076D7980B218287D81F4D3491C89B2B7
:10CE70002429EDD34FF4727240F26530411C24F83E
:10CE8000106088B29042F9D9FFF76EFF07B0F0BD8D
:10CE900070B804240FB4054B10B503A9044A0298D6
:10CEA00000F0F0F810BC5DF814FB0000C9EA0008BF
:10CEB00044020424090700284FEA116104DB00F151
:10CEC000E02080F80014704700F00F0000F1E0202F
:10CED00080F8141D70470000004870474C0204247D
:10CEE00002E008C8121F08C1002AFAD17047704733
:10CEF000002001E001C1121F002AFBD17047000091
:10CF00002DE9FF5F82B00021DDE90430020DDDF87C
:10CF100040B0034318D044F61050A2F2FF3242430F
:10CF20001514119801281FD0A5EB0B00401C5FEAD7
:10CF3000000A4FF000064E4FDFF83891B0465046D9
:10CF400015D5CAF1000413E0119801244AA3012861
:10CF500001D16FEA0B010298119AC0E90031C0E9D2
:10CF6000024206B0BDE8F09FCBF10000DFE70446C7
:10CF70000021404A491842EB0450CDE9001012E06C
:10CF8000E00707D032463B4640464946F3F7AAFB46
:10CF90008046894632463B4610461946F3F7A2FBC7
:10CFA00006460F466410002CEAD1DDE90401DDE9F4
:10CFB0000023BAF1000F06DAF3F794FB42464B4622
:10CFC000F3F790FB05E0F3F7FFFB42464B46F3F720
:10CFD000FBFB04460E460022284BF3F77DFC03D8EA
:10CFE0004FF0FF30014607E00022254B2046314636
:10CFF000F3F7D1FAF3F757FC102409E0002C0ADB11
:10D000000A220023F3F7C6F9039B30321A55641E37
:10D0100050EA0102F2D1641C039AC4F111031444D2
:10D02000119A012A03D0012208430DD10AE00843D6
:10D0300004D000204FF0110B119072E7A3EB0B0509
:10D040006D1E0DE05B4504DD4FF0000205F10105AA
:10D0500004E003DA4FF00002A5F10105002AECD04C
:10D0600002981199C0E90231C0E9004579E7000052
:10D07000000014400000F03F300000000000F043CA
:10D080000000E03F2DE9FF4F95B09A4688460646DE
:10D090000025EEE1252877D100242746F94A012111
:10D0A000039400E0044316F8013F203B01FA03F02B
:10D0B0001042F7D130782A2811D06FF02F03307842
:10D0C000A0F13002092A16D8039A44F0020402EBB8
:10D0D000820203EB42021044761C0390EFE758F8FB
:10D0E000042B0392002A03DA504244F400540390C4
:10D0F00044F00204761C30782E2816D116F8010F61
:10D1000044F004042A280DD06FF02F023078A0F1EB
:10D110003003092B09D807EB870302EB4303C71839
:10D12000761CF3E758F8047B761C30786C280FD017
:10D1300006DC4C2817D068280DD06A2814D104E0EA
:10D14000742810D07A280FD10DE044F400140AE0BE
:10D1500044F4801401E044F440147278824202D115
:10D1600004F58014761C761C307866280BD013DC0E
:10D17000582877D009DC002875D04528F6D04628F5
:10D18000F4D047281AD193E118E0632835D06428F9
:10D1900079D0652812D18BE1702873D008DC67281C
:10D1A000F1D069286FD06E280DD06F2806D1ACE081
:10D1B00073282CD0752874D0782853D052461799EC
:10D1C00090476D1C54E1C4F30250022809D0032893
:10D1D0000DD0D8F8001004280DD00D6008F1040817
:10D1E00046E1D8F80010EA17C1E90052F6E7D8F88E
:10D1F00000100D80F2E70D70F0E718F8041B8DF8B1
:10D20000001000208DF80100EB46012003E058F8E3
:10D2100004BB4FF0FF3061074FF0000102D40DE076
:10D2200009F101018946B9420FDA8145F8DB1BF8A3
:10D2300009100029F4D108E009F101018946814271
:10D24000FADB1BF809100029F6D103985346A0EB2E
:10D25000090721463846179A00F080FA284400EB67
:10D26000090507E044E008E10DE01BF8010B524618
:10D2700017999047B9F10109F7D25346214638462C
:10D28000179AF2E039E00A21C4F302524FF0000B82
:10D290000091022A06D058F8040BC117032A09D0BE
:10D2A0000AE023E008F1070020F00702F2E802019B
:10D2B000904605E000B2C117042A01D140B2C1175F
:10D2C000002906DA0A460021404261EB02012D22C4
:10D2D00002E0220504D52B228DF80420012203E070
:10D2E000E20701D02022F7E7914657E00A2100E04B
:10D2F00010214FF0000B00910BE010214FF0000BBC
:10D3000044F004040827009103E008204FF0000BCC
:10D310000090C4F30252022A05D058F8040B0021F1
:10D32000032A08D008E008F1070020F00702F2E81D
:10D330000201904603E080B2042A00D1C0B24FF04F
:10D34000000922072AD53278702A07D0DDF800C0FC
:10D350008CF0100C5CEA0B0C05D00EE040228DF82E
:10D360000420012208E050EA010306D030238DF8A2
:10D3700004308DF8052002229146009B83F00803BB
:10D3800053EA0B030AD150EA010201D1620705D525
:10D3900030228DF804204FF001097F1E3278582A80
:10D3A00004D039A20C920CAA02920BE03BA2F9E73E
:10D3B0005B46009AF2F7EEFF0C9B9B5C029A521EB2
:10D3C0000292137050EA0102F2D1029804A9081ADD
:10D3D00000F1200B600702D524F4803400E001271F
:10D3E0005F4502DDA7EB0B0000E0002000EB0B0126
:10D3F000009003984944401A0390E00306D4534632
:10D400002146179A039800F0A9F90544002706E081
:10D4100001A85246C05D179990476D1C7F1C4F456F
:10D42000F6DBE0030CD553462146179A039800F02B
:10D4300095F9054404E030205246179990476D1C39
:10D440000099481E00900029F5DC08E00298029936
:10D4500052460078491C0291179990476D1CBBF108
:10D460000001ABF1010BF1DC5BE100F065F9054473
:10D47000761C307800287FF40DAE19B02846BDE840
:10D48000F08F00000928010030313233343536374F
:10D490003839616263646566000000003031323300
:10D4A00034353637383941424344454600000000A0
:10D4B000600700D4062708F1070020F00700F0E815
:10D4C0000223804603F0004C5FEA0C0001D097A0D5
:10D4D00009E0200501D596A005E0E00701D095A060
:10D4E00001E0AFF24C001390307823F00043652840
:10D4F0000CD006DC452809D046281DD047287FD10E
:10D500003BE0662818D067287AD136E00021112F39
:10D5100001DB112000E0781CCDE9000104A90CA872
:10D52000FFF7EEFCDDE90D010C9A4FF0000B07F15F
:10D530000109109200914EE04FF000400097CDE9B4
:10D54000011004A90CA8FFF7DBFCDDE90D020C9B20
:10D550000F994FF0000B91461093009211B9791C6E
:10D5600000EB0109B7EB090003D4C0F1FF3B07F161
:10D570000109A9EB0700019042E0012F00DA012721
:10D580000021112F01DD112000E03846CDE9000116
:10D5900004A90CA8FFF7B4FCDDE90D010C9A009179
:10D5A0004FF0000BB946109221070FD4009A4A455C
:10D5B00003DA914601E0A9F10109B9F1010F05DD96
:10D5C000109AA9F10101515C3029F4D0B84202DA75
:10D5D00010F1040F03DA0121CDE9011010E0002859
:10D5E00003DC8344A9EB000102E0411C494500DD56
:10D5F0008946A0EB0B00401C01904FF000400290C8
:10D60000200705D40198484502DB4FF0FF30019018
:10D6100000208DF84B0002980DF14B07B0F1004F40
:10D6200025D002200C902B200D90029800280CDAB7
:10D63000404202902D200D9007E00A210298F2F757
:10D640003DFF3031029007F8011D0C99481E0C90E7
:10D650000029F2DC02980028EFD1791E0D9808709D
:10D66000307800F0200040F0450007F8020D11A8C6
:10D67000C01BC01D02901398007800B1012000EB80
:10D680000901019801EBE071029801440398401AE6
:10D69000401E0390E00306D453462146179A039890
:10D6A00000F05CF805441398007818B152461799B9
:10D6B00090476D1CE00323D553462146179A0398E3
:10D6C00000F04CF805441BE0BBF1000F07DB0098AD
:10D6D000584504DD1098179910F80B0001E01799D0
:10D6E00030205246904701980BF1010B401E05F186
:10D6F0000105019004D12E205246179990476D1CC8
:10D70000B9F10001A9F10109DEDC05E017F8010B10
:10D710005246179990476D1C0299481E02900029A5
:10D72000F4DC53462146179A03989EE62D0000002C
:10D730002B000000200000002DE9F04104460025E8
:10D740001E461746880404D405E039462020B04719
:10D750006D1C641EF9D52846BDE8F0812DE9F04125
:10D76000044600251E469046C80301D5302700E038
:10D770002027880404D505E041463846B0476D1C93
:10D78000641EF9D52846BDE8F08100002DE9F0417E
:10D79000184D00248846074606F0C8FD05EB041125
:10D7A000096841B106F0CEFD641C042CF4DB4FF097
:10D7B000FF30BDE8F08105EB04152F6006F0C2FDD7
:10D7C000A87B00266E60002806D00BA340F20E2234
:10D7D00016A11EA0FFF75EFB2E8101203978B0EB69
:10D7E000111F02D15FEA080000D0012068812046A5
:10D7F000AE81DEE7F01904242E2E2F4D6964646C8F
:10D800006577617265732F54686972645F506172E5
:10D8100074792F4C7749502F7372632F6170692F81
:10D82000736F636B6574732E63000000736F636BBB
:10D830006574735B695D2E73656C6563745F776196
:10D840006974696E67203D3D203000004173736547
:10D850007274696F6E2022257322206661696C657F
:10D8600064206174206C696E6520256420696E20D7
:10D8700025730A0013461B4A10B5082B0C4610608E
:10D8800002D003DC072B11D8D36016E0182B21D06F
:10D8900006DC0C2B0DD0102B0DD0142B06D117E06D
:10D8A000202B19D0302B19D0402B19D04FF0FF303E
:10D8B00010BD092000E00A20D0600B48F7F716FDE4
:10D8C00020B1084922460848F7F7E8FA002010BDC1
:10D8D0000B20F1E70C20EFE70D20EDE70E20EBE742
:10D8E0000F20E9E710000024C80D042413461B4A4A
:10D8F00010B5082B0C46106002D003DC072B11D8A2
:10D90000D36016E0182B21D006DC0C2B0DD0102B89
:10D910000DD0142B06D117E0202B19D0302B19D0A5
:10D92000402B19D04FF0FF3010BD092000E00A2035
:10D93000D0600B48F7F7DAFC20B1084922460848C6
:10D94000F7F7ACFA002010BD0B20F1E70C20EFE751
:10D950000D20EDE70E20EBE70F20E9E7340000246F
:10D96000680E0424064B0246002010B504E000BFF8
:10D9700012F8014B4440185D491EF9D210BD000059
:10D980007828042410B588070C4606D007A34FF466
:10D99000B67212A119A0FFF77DFA06F0C7FC06F0D7
:10D9A000D1FC2046BDE8104003F046BA2E2E2F4D84
:10D9B0006964646C6577617265732F546869726419
:10D9C0005F50617274792F4C7749502F7372632FB7
:10D9D000636F72652F6D656D702E63006D656D7080
:10D9E0005F667265653A206D656D2070726F706557
:10D9F000726C7920616C69676E6564004173736550
:10DA00007274696F6E2022257322206661696C65CD
:10DA100064206174206C696E6520256420696E2025
:10DA200025730A0070B50088C01C20F0030003F0C5
:10DA300049FB044606F07AFC002C05460DD0A007F1
:10DA400006D008A34FF48C7212A11BA0FFF722FA94
:10DA5000284606F077FC204670BD06F073FC0020D7
:10DA600070BD00002E2E2F4D6964646C6577617265
:10DA700065732F54686972645F50617274792F4CBA
:10DA80007749502F7372632F636F72652F6D656DC9
:10DA9000702E63006D656D705F6D616C6C6F633AC5
:10DAA000206D656D702070726F7065726C79206189
:10DAB0006C69676E65640000417373657274696FA9
:10DAC0006E2022257322206661696C656420617472
:10DAD000206C696E6520256420696E2025730A001C
:10DAE000002802DC4142112901DB05207047024970
:10DAF000A1EB8000006870471C6B010870B5094DF0
:10DB00000024064604EB440005EBC000017D29B16A
:10DB10008068B04202D1204600F034F9641C0A2C1F
:10DB2000F0DB70BD481A04242DE9F74F84B04FF0A4
:10DB30000A0B00240646DA465F46D9460294019451
:10DB4000009404EB440050490A2F039001EBC008F5
:10DB500098F814501DD0002D2AD0012D08D0022D88
:10DB600006D24AA340F2231256A166A0FFF792F90B
:10DB70009EB13168D8F8040081420ED1069820B1D8
:10DB8000D8F808100698814207D1204607B0BDE8B2
:10DB9000F08F002DE1D127460AE0012D16D0022D8D
:10DBA00006D3B8F812000099884201D3A24600902B
:10DBB000641C24B20A2CC4DB059881074FF0FF30A7
:10DBC000E4D40A2F16D018DA3C463EE02E490398DA
:10DBD00051F830000028B8F8120005D002998842A8
:10DBE000E6D3A1460290E3E701998842E0D3A34639
:10DBF0000190DDE70599C907C8D0BAF10A0F51466F
:10DC00000EDA0C46204801EB440150F8310080B197
:10DC10001EA340F26D1245A13AA0FFF73BF908E0C0
:10DC2000BBF10A0F594603DBB9F10A0F4946ADDAD9
:10DC30000C460A2C06DB15A340F27F1241A131A04D
:10DC4000FFF728F9204600F09DF80A2C06DB0FA309
:10DC500040F283123BA12BA0FFF71CF90A4804EB0A
:10DC6000440100EBC105287D30B108A34FF4C27216
:10DC700039A124A0FFF70EF90EB1306868600021C9
:10DC80000698A860698280E7481A04242E2E2F4D3A
:10DC90006964646C6577617265732F546869726436
:10DCA0005F50617274792F4C7749502F7372632FD4
:10DCB000636F72652F697076342F65746861727056
:10DCC0002E6300007374617465203D3D2045544807
:10DCD0004152505F53544154455F50454E44494E64
:10DCE00047207C7C207374617465203E3D20455440
:10DCF000484152505F53544154455F535441424C44
:10DD000045000000417373657274696F6E202225AF
:10DD10007322206661696C6564206174206C696E91
:10DD20006520256420696E2025730A006172705F8A
:10DD30007461626C655B695D2E71203D3D204E55BE
:10DD40004C4C000069203C204152505F5441424CF1
:10DD5000455F53495A4500006172705F7461626C9F
:10DD6000655B695D2E7374617465203D3D2045548B
:10DD7000484152505F53544154455F454D505459AA
:10DD80000000000070B5074C00EB4005002654F879
:10DD9000350018B105F028FB44F8356004EBC500E8
:10DDA000067570BD481A04242DE9F0430D0007469E
:10DDB00085B009D07C684FF480782088404539D1FF
:10DDC0002079062836D109E01CA340F28A2229A135
:10DDD0002CA0FFF75FF805B0BDE8F0836079042858
:10DDE00028D16088082825D1D4F80E0004906868EE
:10DDF000A16920B1814202D10126334601E000260B
:10DE00000223284604F1080204A9914600F0A2FB6F
:10DE1000E08840450ED16EB10222284604AB291D90
:10DE2000CDE90232CDE9001905F12A034A46194627
:10DE300000F090FA384605F0D7FACCE72E2E2F4D99
:10DE40006964646C6577617265732F546869726484
:10DE50005F50617274792F4C7749502F7372632F22
:10DE6000636F72652F697076342F657468617270A4
:10DE70002E6300006E6574696620213D204E554C6E
:10DE80004C000000417373657274696F6E20222527
:10DE90007322206661696C6564206174206C696E10
:10DEA0006520256420696E2025730A00FEB50400F4
:10DEB00015460E4606D143A340F21E324FA153A091
:10DEC000FEF7E8FF36B93FA340F21F3259A14FA039
:10DED000FEF7E0FF35B93BA34FF4487258A14BA0C1
:10DEE000FEF7D8FF2868214601F03EF808B1584BEC
:10DEF0003EE02868C0F303110E2924D0D4E90121A3
:10DF00000A400140914208D080B2A0F57E41A93973
:10DF100003D0E068B0B304F10C054E4B4E481A78BC
:10DF200002EB420100EBC1010F7D022F2ED38F685F
:10DF3000A7422BD12F6849688F4227D1314620460E
:10DF400000F08CF8FEBD01228DF8042000208DF831
:10DF500005005E218DF80610687801AB00F07F00A7
:10DF60008DF80700A8788DF80800E8788DF809008A
:10DF70004FF4006004F12A0231460090204600F080
:10DF80001FFCFEBDFFE76FF00300FAE75FF0000241
:10DF900002EB420100EBC1010F7D022F08D38F6815
:10DFA000A74205D12F6849688F4201D11A70C5E791
:10DFB000521CD2B20A2AEBD332462946204600F040
:10DFC000D5F8DEE72E2E2F4D6964646C657761729B
:10DFD00065732F54686972645F50617274792F4C55
:10DFE0007749502F7372632F636F72652F69707654
:10DFF000342F6574686172702E6300006E657469F9
:10E000006620213D204E554C4C0000004173736545
:10E010007274696F6E2022257322206661696C65B7
:10E0200064206174206C696E6520256420696E200F
:10E0300025730A007120213D204E554C4C000000F4
:10E0400069706164647220213D204E554C4C000083
:10E05000106B0108FC000024481A04242DE9F84341
:10E060001546884606461C4802EB450100EBC104F4
:10E07000207D022806D219A340F2EE2225A131A06C
:10E08000FEF708FF144A05EB4501207D02EBC105B0
:10E090000C35022813D1608A0327B0F58E7F04D98E
:10E0A000211D304600F010FA07E0B0F5877F06D357
:10E0B000211D2A46304600F00DFA00B927754FF4AD
:10E0C000006006F12A022B4641460090304600F0DF
:10E0D00077FBBDE8F8830000481A04242E2E2F4D4C
:10E0E0006964646C6577617265732F5468697264E2
:10E0F0005F50617274792F4C7749502F7372632F80
:10E10000636F72652F697076342F65746861727001
:10E110002E6300006172705F7461626C655B617296
:10E12000705F6964785D2E7374617465203E3D2074
:10E130004554484152505F53544154455F535441F4
:10E14000424C4500417373657274696F6E202225DD
:10E150007322206661696C6564206174206C696E4D
:10E160006520256420696E2025730A002DE9FC5F77
:10E17000824614462A30019008680E464FF0FF3759
:10E180004FF0000B514600F0EFFE80B93068C0F34D
:10E1900003110E290BD056B148B101215246304629
:10E1A000FFF7C2FC050005D540B2BDE8FC9F6FF04B
:10E1B0000F00FAE77F2D06D337A340F2C13244A106
:10E1C00047A0FEF767FE05F0FF094F4909EB490834
:10E1D00001EBC805287D00280ED0012808D00228B0
:10E1E00006D22DA340F2CD3248A13DA0FEF752FE4B
:10E1F000BBF1000F06D104E0C5F808A00121297584
:10E2000000E034B93146504600F05EF9002C074674
:10E21000CBD0287D3C4E02280ED346494FF40062F5
:10E2200005F10C03504681F8009021460092019AB6
:10E2300000F0C6FA07462DE001282BD1254640F212
:10E24000F13768892989884207D1286828B112A343
:10E250003A4639A122A0FEF71DFE287B400607D5CD
:10E260000E2022464FF4207104F0F2FE044605E031
:10E270002D68002DE5D1204605F030FA44B156F85E
:10E28000380008B105F0B0F8002746F8384001E042
:10E290004FF0FF37384688E72E2E2F4D6964646CA7
:10E2A0006577617265732F54686972645F5061723B
:10E2B00074792F4C7749502F7372632F636F726597
:10E2C0002F697076342F6574686172702E63000058
:10E2D00074797065206F766572666C6F77000000E8
:10E2E000417373657274696F6E20222573222066F4
:10E2F00061696C6564206174206C696E65202564B9
:10E3000020696E2025730A00481A04246172705F28
:10E310007461626C655B695D2E7374617465203D28
:10E320003D2050454E44494E47206F722053544182
:10E33000424C4500FC0000246E6F207061636B65E9
:10E34000742071756575657320616C6C6F77656499
:10E35000210000002DE9FF4F81B0984606004FF0E4
:10E360000007DDE90FA9DDF838B006D12CA340F293
:10E37000574239A13CA0FEF78DFD1C210E204FF421
:10E38000207204F033FC050046D068891C2806D2B0
:10E3900023A340F262423EA133A0FEF77BFD6C68EE
:10E3A000119802F035F8E08096F83000062806D083
:10E3B00044491BA32CA040F26942FEF76BFDD8F83C
:10E3C00000100623A1604FF48071B8F80400A0810A
:10E3D000DAF80020C4F812200822BAF80400E0821B
:10E3E000DBF80000C4F80E00D9F80000A06104209A
:10E3F000218040F606016280237160713046DDE9BC
:10E4000002230091294600F0DBF9284604F0ECFFD6
:10E41000384605B0BDE8F08F4FF0FF30F9E7000057
:10E420002E2E2F4D6964646C6577617265732F546D
:10E43000686972645F50617274792F4C7749502F0C
:10E440007372632F636F72652F697076342F6574F2
:10E45000686172702E6300006E6574696620213DEC
:10E46000204E554C4C000000417373657274696F07
:10E470006E2022257322206661696C6564206174B8
:10E48000206C696E6520256420696E2025730A0062
:10E49000636865636B207468617420666972737465
:10E4A00020706275662063616E20686F6C642073F3
:10E4B0007472756374206574686172705F686472E9
:10E4C000000000006C6C0108014A00F003B8000075
:10E4D000106B01087FB5064D0124031DCDE9021420
:10E4E000CDE9003526331946FFF734FF04B070BD7F
:10E4F000166B010870B5164D5FF0000404EB440084
:10E5000005EBC0010A7DF2B1488A401C80B2488206
:10E51000B0F5967F0AD2012A06D0032A0AD0042A2F
:10E520000AD0012A0BD00EE0052808D32046FFF7B9
:10E5300029FC08E0042000E00220087503E0886858
:10E54000091DFFF7C1FF641C0A2CD7DB70BD00005A
:10E55000481A0424F8B5044690F830001F461546C2
:10E5600006280E4606D020A340F2A9122CA135A001
:10E57000FEF790FC9EB1306888B1214600F0F4FCB3
:10E5800068B93078C0F303100E2808D02246394607
:10E590003046FFF7C9FA002804DA40B2F8BD6FF040
:10E5A0000F00F8BD314A00EB4001022302EBC1002D
:10E5B0000375002384602E68C660AE88068243829D
:10E5C00052F8316076B142F831304FF400602B469A
:10E5D00004F12A0231460090204600F0F1F830465E
:10E5E00004F002FF0020F8BD2E2E2F4D6964646CEC
:10E5F0006577617265732F54686972645F506172E8
:10E6000074792F4C7749502F7372632F636F726543
:10E610002F697076342F6574686172702E63000004
:10E620006E657469662D3E6877616464725F6C65BF
:10E630006E203D3D204554485F4857414444525F59
:10E640004C454E00417373657274696F6E202225CC
:10E650007322206661696C6564206174206C696E48
:10E660006520256420696E2025730A00481A042459
:10E670002DE9F041044640890E270D460E283CD96D
:10E68000E07B18B995F83400401CE07360680178AD
:10E690008689CA0714D0012905D01D490622F1F741
:10E6A000F3FE48B10CE0417851B980785E2807D17B
:10E6B000607B40F0100002E0607B40F00800607377
:10E6C000082E03D0B6F5C16F17D10DE095F83100D3
:10E6D000000712D53946204605F04EF868B929469C
:10E6E000204600F093FD10E095F83100000704D5B6
:10E6F0003946204605F040F818B1204604F074FE73
:10E7000003E029462046FFF74FFB0020BDE8F081DB
:10E71000106B0108704700009AB0074664216846F4
:10E72000F1F7A7FE00264FF4804835464FF4005914
:10E7300034462248FBF722FB97F8311049070CD5E5
:10E7400001282BDC1D48E838F6F7AFFA384603F00D
:10E750009DFE384603F0FEFE20E001281EDD022863
:10E7600020D0032820D0042821D0052821D0AEB104
:10E7700012486946E838F5F71BFE10486946CDE9AE
:10E780000554E838F6F704FA0C48E838F6F740FA8A
:10E79000384603F095FF384603F032FF642003F05B
:10E7A000EBFFC6E74C4600E00024454603E04C463C
:10E7B00000E0002400250126DAE700005C110424B3
:10E7C0002DE9F0411F4690460E460446069801F09A
:10E7D0001FFE0E210546304604F0A4F918B16FF073
:10E7E0000100BDE8F0817068858139680160B988F1
:10E7F0008180D8F80020C0F80620B8F804104181C4
:10E8000094F83000062806D006A34FF4997213A19D
:10E810001FA0FEF73FFBA26931462046BDE8F0414C
:10E82000104700002E2E2F4D6964646C657761726D
:10E8300065732F54686972645F50617274792F4CEC
:10E840007749502F7372632F6E657469662F6574F4
:10E850006865726E65742E63000000006E657469F1
:10E86000662D3E6877616464725F6C656E206D75BD
:10E870007374206265203620666F72206574686547
:10E88000726E65745F6F757470757421000000009E
:10E89000417373657274696F6E202225732220663E
:10E8A00061696C6564206174206C696E6520256403
:10E8B00020696E2025730A0010B5040006D10BA351
:10E8C00040F2262210A114A0FEF7E4FA1C4973209E
:10E8D00061611C49A161742184F83200204684F8EA
:10E8E000331001F0A9FB002010BD00002E2E2F4C8C
:10E8F0005749502F5461726765742F65746865724B
:10E900006E657469662E63006E6574696620213DCC
:10E91000204E554C4C000000417373657274696F52
:10E920006E2022257322206661696C656420617403
:10E93000206C696E6520256420696E2025730A00AD
:10E94000ADDE00084D0201080F4D002704464FF0D0
:10E95000FF3808B54146686804F086F80028F9D108
:10E960000097287818B909486946F5F7F6FF009E20
:10E97000002EEFD022692146304690470028EFD084
:10E98000304604F031FDEBE75800002474100424F5
:10E990002DE9F04104000E465ED06569002D0DDAC8
:10E9A00005F0C4FC6569002D06DA0EB96D1E6561BF
:10E9B000BDE8F04105F0C6BC05F0C4FC284600F0F7
:10E9C000CDF8040048D0012705F0B0FC80460120B6
:10E9D000052E19D2DFE806F0030A0E13160020896F
:10E9E000401C00B22081012834DC14E02089401E44
:10E9F00020812FE0618901B1002760810BE00020B8
:10EA0000608127E0A08106E014A34FF41F6220A1DB
:10EA100023A0FEF73FFAA07BE0B1DFB1B4F9080014
:10EA2000002801DD012600E00026608908B10127E9
:10EA300000E00027A08908B1012400E0002440463E
:10EA400005F080FC23463A4631462846BDE8F041B1
:10EA500005F0D0BB4046ABE7BDE8F0812E2E2F4D30
:10EA60006964646C6577617265732F546869726458
:10EA70005F50617274792F4C7749502F7372632FF6
:10EA80006170692F736F636B6574732E6300000090
:10EA9000756E6B6E6F776E206576656E7400000024
:10EAA000417373657274696F6E202225732220662C
:10EAB00061696C6564206174206C696E65202564F1
:10EAC00020696E2025730A002DE9F041134C06469B
:10EAD00000256068F0B11249F2B2A0680A2A01EB81
:10EAE000000300F101009A72A06001D0FF2812DD3E
:10EAF0000C4AD2F804210A30132302F580620A80FE
:10EB0000488002278D800022CB7105480F81114675
:10EB1000FCF784F9A5603046BDE8F0817C01002453
:10EB2000681C0424A01D042430B50B4C07230021CD
:10EB30000022C8B2050602D583EA400000E040008A
:10EB4000521CD2B2082AC0B2F4D36054491C89B214
:10EB5000FF29EDD930BD00007828042410B505F058
:10EB6000B9FF002803D1024909200860002010BD28
:10EB70000801002470B516490546006800240840C5
:10EB8000B0F1105F22D11348F9F738FD3720F7F7BD
:10EB900051FC72B600214FF0E020016141618161BA
:10EBA0004017A10001F1E021C1F88001C1F8800205
:10EBB000641CE4B2082CF4D3002080F31488286885
:10EBC00080F308886868BDE87040004770BD0000A9
:10EBD0000000F02F281004240A46032100F000B999
:10EBE0002DE9FE4F8A464A490446D1F8088098F834
:10EBF00000000007850E142D50D360890428FBD334
:10EC00006068007800287ED008287CD1486901F12E
:10EC10001407C0F303120E2A75D08946096800F064
:10EC2000A3F900286FD1208908286CD3204600F072
:10EC300075F9002867D105F10E0120460E4603F054
:10EC400071FF002830D02089411989B288425AD8F2
:10EC50000E204FF4207203F0C9FF060053D07189D3
:10EC600005F10800814216D370682A464146F1F743
:10EC7000D9FB2946304604F07FFD002806D0B62295
:10EC800024A332A13FA0FEF705F904E02146304657
:10EC900004F02CFA18B1304604F0A6FB33E020460D
:10ECA00004F0A2FB34460BE03146204604F064FD3C
:10ECB00030B1C72217A33DA132A0FEF7EBF822E046
:10ECC00066682946204603F02DFFE0B961680022FE
:10ECD00038684FF6F773C860D9F8100008613270D1
:10ECE0007088984201D9093000E008307080FF2018
:10ECF000087201234A818DE80C040022034639463C
:10ED0000204600F04DFB2046BDE8FE4F04F06CBBF2
:10ED1000301A04242E2E2F4D6964646C657761725D
:10ED200065732F54686972645F50617274792F4CF7
:10ED30007749502F7372632F636F72652F697076F6
:10ED4000342F69636D702E630000000069636D707D
:10ED50005F696E7075743A206D6F76696E672072A8
:10ED60002D3E7061796C6F616420746F2069636DF2
:10ED70007020686561646572206661696C65640A0B
:10ED800000000000417373657274696F6E20222564
:10ED90007322206661696C6564206174206C696E01
:10EDA0006520256420696E2025730A0069636D70F3
:10EDB0005F696E7075743A20726573746F72696EF4
:10EDC00067206F726967696E616C20702D3E70619B
:10EDD000796C6F6164206661696C65640A0000008B
:10EDE0002DE9FF47924689462421064622204FF40A
:10EDF000207203F0FBFE050037D06889242806D274
:10EE00001BA34FF4B47228A132A0FEF743F86C683C
:10EE10004FF0000877681C2284F8009084F801A065
:10EE2000A4F80480A4F80680686871680830F1F7D7
:10EE3000F9FAF868039003A800F0C2FC060011D0AC
:10EE4000A4F8028047466989204600F061F8608096
:10EE500001210097FF23CDE901160021284603AACE
:10EE600000F09EFA284604F0BFFABDE8FF870000D4
:10EE70002E2E2F4D6964646C6577617265732F5413
:10EE8000686972645F50617274792F4C7749502FB2
:10EE90007372632F636F72652F697076342F6963A5
:10EEA0006D702E6300000000636865636B207468FA
:10EEB0006174206669727374207062756620636184
:10EEC0006E20686F6C642069636D70206D6573736C
:10EED00061676500417373657274696F6E202225E6
:10EEE0007322206661696C6564206174206C696EB0
:10EEF0006520256420696E2025730A000A460B21CF
:10EF0000FFF76EBFEFF30580002800D001207047A7
:10EF100000B501F01FFFC04380B200BD70B50026F0
:10EF20000546344612E06989686801F013FF204401
:10EF3000A97A020C12FA80F4C90706D08EB1002615
:10EF4000E0B2C4F3072141EA00242D68002DEAD184
:10EF500026B1E0B2C4F3072141EA0024E04380B2C5
:10EF600070BD0126ECE70000421C15D0A0B191F85D
:10EF70003120920712D54A6882420FD089680A4030
:10EF800000EA0103934202D10143491C04D0044921
:10EF900020F47F00884201D1012070470020704793
:10EFA000C0A800FF2DE9F74F88B004460025AF1F29
:10EFB00009981426008D1438C11700EB5170C0F366
:10EFC000CF00039060680690017801F00F010529D9
:10EFD00003D038460BB0BDE8F08F6189142907D201
:10EFE0005DA34FF43F726BA171A0FDF753FFF0E7F3
:10EFF000C08801F00DFA2189C0F30C02029200F4DE
:10F000000050143907901FFA81F89EE003994FF6DB
:10F01000FF7000EAC1004146404500D9084604900F
:10F0200014210E204FF4207203F0E0FD5FEA000A85
:10F030005ED0BAF80A00142806D247A34FF44972EA
:10F0400065A15BA0FDF726FFDAF8040014220699FB
:10F05000F1F7E8F9DAF80400049F059035E06089DB
:10F06000811B8DB2B04206D23BA340F22D3262A189
:10F070004FA0FDF70FFFAF4200D23D461DB3022067
:10F0800002F0CEFA5FEA00092FD0606841224B46B9
:10F0900029463044CDE90005002003F013FF5FEA64
:10F0A000000B28D0204604F019FB57495046C9E907
:10F0B0000414594603F022FF781B07043F0C06D0C6
:10F0C00024680026CBE724680026002FC7D10998C2
:10F0D00071198EB2008D1438404510DB0798002856
:10F0E0000298C0F30C000DD10EE0504604F07CF9FC
:10F0F0004FF0FF306EE7484600F05CFCF5E7029801
:10F10000C0F30C0040F4005001F082F9014605986C
:10F11000C1800498143080B201F07AF90599002278
:10F12000488051460598428109980A9A4369984750
:10F13000504604F059F90498A8EB0002DDE90210EA
:10F140001FFA82F8014488B20290B8F1000F7FF4F0
:10F150005DAF00203EE700002E2E2F4D6964646CE9
:10F160006577617265732F54686972645F5061726C
:10F1700074792F4C7749502F7372632F636F7265C8
:10F180002F697076342F6970345F667261672E6301
:10F19000000000006970345F6672616728293A20B8
:10F1A0007062756620746F6F2073686F72740000F0
:10F1B000417373657274696F6E2022257322206615
:10F1C00061696C6564206174206C696E65202564DA
:10F1D00020696E2025730A0074686973206E656566
:10F1E00064732061207062756620696E206F6E65A1
:10F1F0002070696563652100702D3E6C656E203E50
:10F200003D20706F66660000A1FF00082DE9F04701
:10F21000456807460E4604212878B1EB101F03D03D
:10F22000384604F0E1F875E000074FEA9068688816
:10F2300001F0EEF804463889A04203D92146384649
:10F2400004F0B4F979894145EAD33889A042E7D37B
:10F25000B8F1140FE4D3DFF814912969C9F8141038
:10F26000C1F30312E9680E2AC9F8101005D0304620
:10F2700000F080F850B1344619E096F83100C0072C
:10F2800002D070680028F6D1002410E099F814002C
:10F2900000247F280BD03648046806E0B44203D02F
:10F2A000204600F067F810B92468002CF6D1D9F890
:10F2B00010003146FFF758FE0028B1D199F8100030
:10F2C000C0F303100E28ABD0002CA9D0E88830F092
:10F2D000C00005D0384600F02FF907001AD07D682D
:10F2E0003846C9F80850C9E9004629780907890E47
:10F2F000A9F80C10414604F03FFA687A012811D0B1
:10F3000011280AD0D9F814004D462146FFF72CFEEB
:10F3100068B119E00020BDE8F0873146384605F0B5
:10F320009DFC14E031463846FFF75AFC0FE0287D7B
:10F33000C0F303100E2807D04146384604F01EF9EA
:10F3400002213846FFF748FC384604F04DF800210A
:10F35000C9F80010C9F80410C9F80810A9F80C1071
:10F36000C9F81010C9F81410D4E70000301A0424AA
:10F37000E400002410B590F83110C9070CD04168A2
:10F3800051B1064A52698A4204D001461046FFF73D
:10F39000EBFD08B1012010BD002010BD301A04247F
:10F3A000FEB5DDE90954089E1AB109B10F6807B925
:10F3B000211D0096CDE9015400F002F8FEBD0000C9
:10F3C0002DE9F84FDDE90BA80546807BDDF828B074
:10F3D0001F4601281646894606D02FA34FF45572C2
:10F3E0003AA13DA0FDF756FD002E6FF0010436D086
:10F3F0001421284603F096FB002833D168896C68F5
:10F40000142806D224A34FF462723DA132A0FDF766
:10F4100041FD2772452084F809A0316821612070E0
:10F4200084F801B0288900F0F3FF414F4FF0000A43
:10F430006080A4F806A0388800F0EAFFA080B9F147
:10F44000000F388800F10100388005D0D9F800009D
:10F45000E060A4F80AA00CE036480068F8E7688984
:10F46000142802D22046BDE8F88F68686E4600690D
:10F470000090B8F8280040B12989814205D9324668
:10F4800041462846FFF78EFDEDE7D8F81430404698
:10F49000324629469847E6E72E2E2F4D6964646C64
:10F4A0006577617265732F54686972645F50617229
:10F4B00074792F4C7749502F7372632F636F726585
:10F4C0002F697076342F6970342E6300702D3E7270
:10F4D0006566203D3D203100417373657274696F2C
:10F4E0006E2022257322206661696C656420617438
:10F4F000206C696E6520256420696E2025730A00E2
:10F50000636865636B2074686174206669727374E4
:10F5100020706275662063616E20686F6C64207372
:10F5200074727563742069705F6864720000000013
:10F53000FE000024AC6B01082DE9F05F45688346AE
:10F54000287800F00F0005287DD1E88800F060FFE2
:10F55000C004070C688800F05BFF29780907890E52
:10F56000814270D8401A1FFA80F8584603F067FDB0
:10F570006A4C0646208830440A2809D93146284674
:10F5800000F0AEFC00285ED0208830440A28E8D87D
:10F59000A14664684FF0000A0CE06069E96888429F
:10F5A00007D1A0692969884203D1A089A988884226
:10F5B00003D02468002CF0D106E02CB1E88800F0DC
:10F5C00027FFC0041BD025E0012002F029F8040029
:10F5D0000AD13146284600F083FCB04233DB0120DB
:10F5E00002F01EF80400CED02021F0F742FF0F21D8
:10F5F000E177D9F804102160C9F8044004E0E089FB
:10F6000000F006FFC00405D01422294604F10800CA
:10F61000F0F708FFA87940F340156D1C08D007EB00
:10F62000080080B2B84264D34FF6EB71884260D8CC
:10F630002A465946204600F005FA411C59D0B9F82F
:10F640000020324400E065E0A9F8002035B1A27F37
:10F6500007EB0801A18342F00102A277012846D1FD
:10F6600061681422A08B14304D6887B204F1080140
:10F6700028462E68F0F7D6FE384600F0C9FE01464F
:10F680006980A5F806A0A5F80AA0656809E0776872
:10F690001421304604F070F83146284603F02EFC61
:10F6A0003E68002EF3D1D9F804104E468C4205D1A5
:10F6B000002105E00868A04202D001460029F9D1E6
:10F6C000204600F0E3FA284603F0B9FC04463088EF
:10F6D000A04206D212A340F29B2220A126A0FDF751
:10F6E000D9FB3088001B30802846BDE8F09F002001
:10F6F000FBE7606870B9D9F80400844206D008A31B
:10F7000040F2AB2226A11CA0FDF7C4FB002120463D
:10F7100000F0BCFA584603F067FEE8E70001002459
:10F720002E2E2F4D6964646C6577617265732F545A
:10F73000686972645F50617274792F4C7749502FF9
:10F740007372632F636F72652F697076342F6970DF
:10F75000345F667261672E630000000069705F723B
:10F76000656173735F70627566636F756E74203E5A
:10F770003D20636C656E0000417373657274696F40
:10F780006E2022257322206661696C656420617495
:10F79000206C696E6520256420696E2025730A003F
:10F7A0006E6F74206669727374616C74686F7567CC
:10F7B00068206A75737420656E717565756564007F
:10F7C00070B50146144813E090F83120D3070FD0EC
:10F7D00053070DD543685BB184680D68234005EA83
:10F7E00004069E4216D0920702D4C268954211D0F8
:10F7F00000680028E8D10948006850B190F831202D
:10F80000D30706D0520704D5426812B109787F2980
:10F8100000D1002070BD0000E4000024E8000024B6
:10F820002DE9FF410578884606466F46F0F7E4FD6E
:10F8300003461A68505D202867D1302D4FF0000430
:10F840004FF00A0006D116F8015F782D08D0582D28
:10F8500006D00820515D202904D0102809D019E0D5
:10F86000102014E0A5F1300104FB001416F8015F2C
:10F87000F0E781EA810C5FEA0C6C0BD5090701D532
:10F88000612100E04121691A0A3141EA041416F8A5
:10F89000015FDFE72E2D10D01DB11868405DC00755
:10F8A00034D06846381A012101EBA000052839D26E
:10F8B000DFE800F02B3E0A13200003A8874224D281
:10F8C00010C716F8015FB4E7B4F1807F1DD200982D
:10F8D000FF281AD844EA00642AE0B4F5803F14D225
:10F8E0000098FF2811D80199FF290ED8000640EA98
:10F8F000014015E0FF2C08D80098FF2805D8019991
:10F90000FF2902D80299FF2903D9002004B0BDE8DD
:10F91000F0810206DDE9011042EA014141EA0020DE
:10F92000044305E0F92207A315A118A0FDF7B2FAD8
:10F93000B8F1000F04D0204600F068FDC8F80000C0
:10F940000120E3E72E2E2F4D6964646C65776172A8
:10F9500065732F54686972645F50617274792F4CBB
:10F960007749502F7372632F636F72652F697076BA
:10F97000342F6970345F616464722E63000000008C
:10F98000756E68616E646C65640000004173736538
:10F990007274696F6E2022257322206661696C651E
:10F9A00064206174206C696E6520256420696E2076
:10F9B00025730A0010B5040006D106A34FF4317276
:10F9C00013A116A0FDF766FA2146BDE810400220FB
:10F9D00001F08CBD2E2E2F4D6964646C65776172C9
:10F9E00065732F54686972645F50617274792F4C2B
:10F9F0007749502F7372632F636F72652F6970762A
:10FA0000342F6970345F667261672E6300000000F6
:10FA10007020213D204E554C4C0000004173736511
:10FA20007274696F6E2022257322206661696C658D
:10FA300064206174206C696E6520256420696E20E5
:10FA400025730A002DE9F05F4C68002593460F46A8
:10FA500006464FF00108608800F0DAFC21784FF08C
:10FA6000FF3A0907890E814231D8A0EB0109E088ED
:10FA700000F0CEFC7C68C1040020090C01EB0902F7
:10FA8000206093B2A1808B42E38020D3726829E08A
:10FA90005068B0F804C0614515D222606DB1B5F868
:10FAA00006C0614513D38088834210D82F60A08898
:10FAB000844506D04FF0000803E08088834206D8D2
:10FAC00077608AB12EE002D0C288914202D25046BD
:10FAD000BDE8F09F25B1EA88624501D04FF00008EB
:10FAE00002680546002AD3D195B1E888A1888842EA
:10FAF00006D92AA34FF4DB7237A13FA0FDF7CAF95C
:10FB00002F60E888A18888420CD04FF0000809E0F7
:10FB1000706830B121A34FF4DF7241A136A0FDF728
:10FB2000B9F97760BBF1000F02D1B07FC007CFD029
:10FB3000B8F1000F30D07268002A2DD0506880884C
:10FB4000002829D12068214628B14468C888A188A6
:10FB50008842F7D020E0B8F1000F1DD032B90FA3D2
:10FB600040F2DF123CA124A0FDF794F970684068D0
:10FB7000A04206D109A34FF4F07237A11EA0FDF7F1
:10FB800089F9206830B105A34FF4F17236A11AA0AB
:10FB9000FDF780F901209BE7002099E72E2E2F4DDD
:10FBA0006964646C6577617265732F546869726407
:10FBB0005F50617274792F4C7749502F7372632FA5
:10FBC000636F72652F697076342F6970345F667267
:10FBD00061672E6300000000636865636B206672D6
:10FBE00061676D656E747320646F6E2774206F7625
:10FBF00065726C6170000000417373657274696FA7
:10FC00006E2022257322206661696C656420617410
:10FC1000206C696E6520256420696E2025730A00BA
:10FC20006E6F2070726576696F757320667261679A
:10FC30006D656E742C2074686973206D7573742003
:10FC400062652074686520666972737420667261EB
:10FC5000676D656E7421000073616E69747920634D
:10FC60006865636B0000000076616C6964617465AF
:10FC70005F646174616772616D3A6E6578745F701C
:10FC8000627566213D4E554C4C00000070B504462F
:10FC90000C480D464168A14202D1216841600AE04A
:10FCA000002D06D108A340F2451216A11CA0FDF7B5
:10FCB000F1F8206828602146BDE87040012001F07D
:10FCC00015BC0000000100242E2E2F4D6964646CC9
:10FCD0006577617265732F54686972645F506172F1
:10FCE00074792F4C7749502F7372632F636F72654D
:10FCF0002F697076342F6970345F667261672E6386
:10FD00000000000073616E69747920636865636B3D
:10FD1000206C696E6B6564206C6973740000000070
:10FD2000417373657274696F6E2022257322206699
:10FD300061696C6564206174206C696E652025645E
:10FD400020696E2025730A002DE9F04705460F460D
:10FD5000A9424FF0000405D1AB222EA33CA13FA045
:10FD6000FDF798F8002F08D03868A84205D0AD22DA
:10FD700028A344A139A0FDF78DF86E684FF48038B0
:10FD80007068818800291AD100681422686005F122
:10FD900008017068F0F746FB01213046FFF7AEF826
:10FDA000304603F04CF94045044605D3BC2219A364
:10FDB00039A12AA0FDF76EF8304603F015FB6E68F6
:10FDC00012E07068B1460668484603F038F904440A
:10FDD000444505D3CC220FA32FA120A0FDF75AF84C
:10FDE000A4B2484603F000FB002EEAD1394628466B
:10FDF000FFF74CFF304D2888A04205D2D22205A340
:10FE00002EA116A0FDF746F82888001B2880204662
:10FE1000BDE8F0872E2E2F4D6964646C65776172A2
:10FE200065732F54686972645F50617274792F4CE6
:10FE30007749502F7372632F636F72652F697076E5
:10FE4000342F6970345F667261672E6300000000B2
:10FE50007072657620213D20697072004173736570
:10FE60007274696F6E2022257322206661696C6549
:10FE700064206174206C696E6520256420696E20A1
:10FE800025730A00707265762D3E6E657874203D8C
:10FE90003D2069707200000070627566735F667263
:10FEA000656564202B20636C656E203C3D203078B6
:10FEB00066666666000000000001002469705F72DB
:10FEC000656173735F70627566636F756E74203EF3
:10FED0003D2070627566735F667265656400000040
:10FEE0002DE9F0471D4F002489460646002213469F
:10FEF00011467868154622E0D0F814C0D6F80C8078
:10FF0000C4450BD1D0F818C0D6F81080C44505D12F
:10FF1000B0F80CC0B6F80480C44509D06D1C2AB1F5
:10FF200090F81FC092F81F80C44501D802461946B8
:10FF3000D0F800C0BCF1000F00D003466046002896
:10FF4000DAD11AB11046FFF7FFFE04444C4501DA3E
:10FF5000012DCBDC2046BDE8F08700000001002425
:10FF6000094870B5002544680BE0E07F20B1401ED1
:10FF7000E0772546246804E0204624682946FFF7F8
:10FF8000E3FE002CF1D170BD0001002408B56946E4
:10FF9000FFF746FC08B1009808BD4FF0FF3008BDE0
:10FFA00010B5040006D108A340F2CE2215A118A076
:10FFB000FCF770FF606908B103F016FA2046BDE84F
:10FFC0001040FFF7F7BC00002E2E2F4D6964646CC3
:10FFD0006577617265732F54686972645F506172EE
:10FFE00074792F4C7749502F7372632F636F72654A
:10FFF0002F697076342F6970345F667261672E6383
:020000040801F1
:100000000000000070637220213D204E554C4C00D2
:10001000417373657274696F6E20222573222066A6
:1000200061696C6564206174206C696E652025646B
:1000300020696E2025730A002DE9F043A9B004461B
:10004000002768466421F0F714FA794D0026774AB4
:100050008020E1214FF4BF63DFF8E4914FF40048C2
:100060002A6001228DF878608DF879001EA88DF83D
:100070007A108DF87C608DF87B608DF87D6068600B
:100080006C482A720022E8606B48C5E904036B489B
:1000900090F808118DF87A1090F809118DF87B10FE
:1000A00090F80A118DF87C10414690F80B018DF8FC
:1000B0007D004846F6F7BDF8142005F0BFFC01228C
:1000C00041464846F6F7B5F8142005F0B7FC002283
:1000D00041464846F6F7ADF8142005F0AFFC012282
:1000E00041464846F6F7A5F8142005F0A7FC284637
:1000F000F4F7DCFA3821804605F1B000F0F7B9F9E1
:1001000005F1B0004FF4403121220260C0E90461E2
:100110004C4801F083FA062184F83010696840F2F7
:10012000DC50097884F82A106968497884F82B1023
:100130006968897884F82C106968C97884F82D106A
:100140006968097984F82E106968497984F82F1054
:100150000121208594F8310040F00A0084F8310034
:100160001AA81A961B9602F02BFC374D01216860E5
:100170001CA81C961D9602F023FCA860002168684C
:1001800002F072FCA868002102F06EFC2D491C22CE
:1001900021A8091DF0F746F921A8214602F098FC94
:1001A000234805F10C01E830F9F762FE2048E830F9
:1001B000F9F72DFE70B9B8F1000F04D0F1F756FE33
:1001C00029B0BDE8F0831A48E830F9F7D7FD0128D7
:1001D000014606DC204602F0BDF9204602F056F941
:1001E000EEE702294FF400554FF4804005D0032973
:1001F00005D0042906D0052903D0074602E00025D2
:10020000FBE700250A486946F4F7D2F80848694632
:10021000CDE90575F4F7BCFC0548F4F7F9FC204678
:1002200002F04EFA204602F0EBF9C9E700800240E6
:100230007410042400F9072400F80724A01D0424E6
:1002400000040258386A010858000024F0B58DB047
:100250000E46002568463021F0F70BF9302168463C
:10026000F0F707F9002268466FF00B07344615E0F7
:10027000042D02D338460DB0F0BD05EB450163688F
:1002800040F8213000EB810163894B600DB141F8EA
:10029000041C236803B98A606D1C2468002CE7D114
:1002A000124932894E63C1E90120304603F016FA43
:1002B0000F4C4FF4FA650D49A1F1B000F4F73EFD83
:1002C0000028D8D00948B038F4F76FF8800708D56F
:1002D000A068294602F0C8FB0448B038F4F7E6FBF2
:1002E000E9E7304603F080F8C4E700002411042455
:1002F00058000024F8B516460C46FEF72FFC050002
:100300004FF0FF3723D0102E124E04D16078022810
:1003100001D1A0070BD010A340F2E2221BA122A022
:10032000FCF7B8FD6FF00F000DE030600FE0606883
:100330000090608800F06CF802462868694601F079
:1003400053FB002804D0FDF7CBFB0028EDD1384645
:10035000F8BD0000080100242E2E2F4D6964646C46
:100360006577617265732F54686972645F5061725A
:1003700074792F4C7749502F7372632F6170692FF6
:10038000736F636B6574732E630000006C77697024
:100390005F62696E643A20696E76616C696420619F
:1003A0006464726573730000417373657274696F7E
:1003B0006E2022257322206661696C656420617459
:1003C000206C696E6520256420696E2025730A0003
:1003D00010B504464068804704F031F8094A2168A6
:1003E00052688B181A1AB2F1004F03D30844064919
:1003F000224602E0044922461846BDE8104004F0B7
:10040000BFB80000EC000024D103010800BA704717
:1004100040BA704710B503F0BDFF00F0F1FD01F0E8
:10042000F7F801F097FF04F00DFCBDE8104004F070
:1004300023B910B5026804466FF00501506820B179
:10044000127802F0F002202A02D00846207110BD76
:10045000A289A16804F052FBF8E70000F8B5044651
:1004600000684578002D16D000780121B1EB101FEF
:1004700006D025A340F25E4230A135A0FCF70AFD6C
:10048000022D08D0032D03D12068007E400702D43E
:10049000FB20207132E000252571206810300646CF
:1004A00003F0B1FF18B90EE0009801F051F9694668
:1004B000304603F02AFF401CF6D1304603F076FFA9
:1004C000304603F093FF2168486858B1097801F07D
:1004D000F001202904D1C5612068406804F0A6FD20
:1004E000206845602068C36943B1002211469847DF
:1004F0002068C36913B10022022198472068BDE833
:10050000F8400C3003F0BCBF2E2E2F4D6964646C94
:100510006577617265732F54686972645F506172A8
:1005200074792F4C7749502F7372632F6170692F44
:100530006170695F6D73672E630000006E657463A0
:100540006F6E6E207374617465206572726F7200D5
:10055000417373657274696F6E2022257322206661
:1005600061696C6564206174206C696E6520256426
:1005700020696E2025730A00002101710168496815
:10058000002901D103F060B9704770B505460068D5
:1005900001F095FA50B92A686FF00A01506820B14D
:1005A000127802F0F002202A02D00846287170BDAD
:1005B000AC68A16831B1A38904F10802216804F094
:1005C000EBFDF3E7216804F089FDEFE71CB500249B
:1005D0000094019400F002F81CBD00002DE9F047E2
:1005E0008EB09A4614460E468046DDE91695FEF713
:1005F000B5FA5FEA000C4FF0FF3720D000200B90D7
:100600000121ADF810000A900C9001A8CDE9080175
:10061000CDF81890CDE901640DB1286800E0002004
:10062000514604ABCDF8008006AA0790604600F062
:1006300021F840B1FDF754FA08B10D490860384679
:100640000EB0BDE8F087BDF81000844201D222460A
:1006500000E002466FF000418A4203D2844202D297
:10066000204600E00846002DEAD007992960E7E718
:10067000080100242DE9FC5F06469068994614465F
:1006800000288A460DD1E06800280ADD34A340F234
:10069000494240A14AA0FCF7FDFB6FF00F00BDE806
:1006A000FC9F5FEA0A7001D5042200E00022706816
:1006B000019080B9306801A901F0FCFB0028EED15F
:1006C000019830B926A340F25E4247A13CA0FCF756
:1006D000E1FB01987060002701983D464FF0040B44
:1006E0000068B0F8088016E0A1680BEBC503A8EB22
:1006F000070290B2CA58824200D890B20090019886
:100700003B4651F83510009A006802F0DFFD009872
:100710006D1C384487B2E068A84201DD4745E3D349
:1007200023684BB1606838B10199201D0090306892
:100730008A89083100F004FA21690020A06101B122
:1007400060615FEACA7103D17060019801F000F83E
:10075000B9F1000F01D0A9F8008000209FE7000048
:100760002E2E2F4D6964646C6577617265732F540A
:10077000686972645F50617274792F4C7749502FA9
:100780007372632F6170692F736F636B6574732E5F
:10079000630000006C7769705F7265637666726FE4
:1007A0006D5F7564705F7261773A20696E76616C17
:1007B000696420617267756D656E74730000000076
:1007C000417373657274696F6E20222573222066EF
:1007D00061696C6564206174206C696E65202564B4
:1007E00020696E2025730A0062756620213D204E27
:1007F000554C4C002DE9FF5FDDE90E4816468B464F
:10080000FEF7ACF905004FF0FF394CD02968012004
:10081000284F6FF00F0A0978B0EB111F06D1504630
:10082000FDF75EF900283ED038603CE0B6F5803F29
:1008300001D35A20F8E7B6B254EA080010D0B8F154
:10084000100F05D124B16078022801D1A00707D08C
:1008500019A340F2526225A12CA0FCF71BFBDEE796
:100860000021019100912CB1606802906088FFF72F
:10087000CFFD01E00020029132465946ADF80C0050
:10088000684600F0C7FF040004D12868694601F0FB
:100890006BFB0446684600F06DFF2046FDF720F92B
:1008A00000B138601CB1484604B0BDE8F09F304646
:1008B000FAE70000080100242E2E2F4D6964646CB5
:1008C0006577617265732F54686972645F506172F5
:1008D00074792F4C7749502F7372632F6170692F91
:1008E000736F636B6574732E630000006C776970BF
:1008F0005F73656E64746F3A20696E76616C6964CB
:100900002061646472657373000000004173736555
:100910007274696F6E2022257322206661696C658E
:1009200064206174206C696E6520256420696E20E6
:1009300025730A002DE9F84F1C46904689468246E9
:100940000A9FFEF70BF94FF0FF3588B10C4E94B1BA
:100950000C4803F05DFD2346424649465046009749
:1009600000F012F80446074803F066FD34B1346025
:100970002846BDE8F88F0E203060F9E70020F8E740
:1009800008010024CC0000242DE9F047089F002630
:100990001D469046894604F09DF8040009D05FEAA0
:1009A00009006CD0FF2870D0A9F57060FF386CD1B9
:1009B00002E00920BDE8F087B8F1080F40460ED0EC
:1009C0000222202806D0A8F580500A381CD0012821
:1009D0005BD132E020680078B2EB101F20D1404696
:1009E00000F06EF9042F014664D32068002861D01E
:1009F000406800285ED02A68002A427A01D00A4363
:100A000000E08A43427241E0042F53D32168002959
:100A100050D0486800284DD00978B2EB111F01D0A2
:100A20005C20C7E729680029017C02D041F0010160
:100A300001E001F0FE01017428E0062F4FF00001F3
:100A400038D32068002835D02A7828461AB101F01A
:100A50004DFC01000DD02068027802F0F002202A3F
:100A600009D015A340F67D5220A12BA0FCF712FA65
:100A70000CE013209EE7406804F0DEF806E0B8F1D1
:100A8000010F0ED0B8F1020F02D05C26304691E77C
:100A9000042F0FD3206868B1406858B12978C1721B
:100AA000F4E7042F06D3206820B1406810B12978FC
:100AB0008172EBE716207DE72E2E2F4D6964646C62
:100AC0006577617265732F54686972645F506172F3
:100AD00074792F4C7749502F7372632F6170692F8F
:100AE000736F636B6574732E63000000556E6861ED
:100AF0006E646C6564206E6574636F6E6E207479CD
:100B0000706520696E20534F5F42494E44544F44F4
:100B10004556494345000000417373657274696F1F
:100B20006E2022257322206661696C6564206174E1
:100B3000206C696E6520256420696E2025730A008B
:100B40002DE9FF410A9C0E001F4690464FF000051C
:100B500006D11DA340F2074228A12DA0FCF79AF967
:100B600037B919A34FF4816233A129A0FCF792F998
:100B700034B915A340F2094233A125A0FCF78AF944
:100B800010208DF80000022140468DF80110FFF77B
:100B90003FFCADF8020000203168CDE90110039060
:100BA0009DF800002168814202D24FF0010501E06A
:100BB00000D92060694622683846EFF733FC04B05C
:100BC0002846BDE8F08100002E2E2F4D6964646C2C
:100BD0006577617265732F54686972645F506172E2
:100BE00074792F4C7749502F7372632F6170692F7E
:100BF000736F636B6574732E6300000066726F6DB4
:100C00006164647220213D204E554C4C0000000070
:100C1000417373657274696F6E202225732220669A
:100C200061696C6564206174206C696E652025645F
:100C300020696E2025730A0066726F6D20213D20A9
:100C40004E554C4C0000000066726F6D6C656E2056
:100C5000213D204E554C4C0070B5174D01294FF0E9
:100C6000FF361BD0022907D0032901D016201FE030
:100C70004020D1B2114A04E0882A0DD020200F4A2A
:100C8000002100F0B7FF04000CD00021FCF77EFD2E
:100C9000411C09D0606170BD2120F0E70021074AA6
:100CA0001020EEE7692003E0204600F0F9FE17204F
:100CB0002860304670BD00000801002491E900085A
:100CC00010B504280BD0082809D0202807D004A389
:100CD00040F639320FA115A0FCF7DCF8002010BD5A
:100CE0002E2E2F4D6964646C6577617265732F5485
:100CF000686972645F50617274792F4C7749502F24
:100D00007372632F6170692F736F636B6574732ED9
:100D100063000000556E6B6E6F776E20736F636BB0
:100D20006574206F7074696F6E00000041737365A5
:100D30007274696F6E2022257322206661696C656A
:100D400064206174206C696E6520256420696E20C2
:100D500025730A0018B5002210F00103ADF8002039
:100D60000CD000290ADD10F8014B491E8DF8014016
:100D700004E000BF30F8024B891E22440129F9DC4F
:100D8000002902DD00788DF80000BDF80000104455
:100D90004FEA104111FA80F04FEA104111FA80F049
:100DA00023B1C1B2C0F3072040EA012080B218BDD0
:100DB000F9F7A0F91A480168890312D4BFF34F8FDD
:100DC000BFF36F8F174A00211160BFF34F8FBFF33E
:100DD0006F8F016841F400310160BFF34F8FBFF3A3
:100DE0006F8FF5F753FAFAF78FFBF9F7C9FAF9F7AE
:100DF00007FAF9F7B7FCF9F77DFCF9F735FAF9F7D7
:100E00006DFAF9F73DFDF9F773FCF9F71FFAF9F7F9
:100E100041FCF9F7ABF9F9F79DFA01F0B4FCFEE7F4
:100E200014ED00E050EF00E0842801464FF0000090
:100E300000D0C81C704700002DE9F041002860D0A8
:100E4000810704D030A340F273223BA10DE0434D53
:100E5000A0F10C0429688C4203D369680C308842E5
:100E600007D929A340F27F223DA144A0FCF712F844
:100E70002EE03A48083003F0CBFA207A00282DD033
:100E80002868261A206803F06BF80746606803F0AC
:100E900067F8216800224FF4803399420DD86168C9
:100EA00099420AD8B14202D00068B04205D16868C0
:100EB000874218D07868B04215D013A340F295222B
:100EC00038A12EA0FBF7E6FF2448083003F0B4FA5F
:100ED00003F02CFABDE8F04103F034BA0AA34FF452
:100EE00023723DA1EDE72272E868844200D2EC60F3
:100EF000204602F017FDBDE8F0411848083003F025
:100F00009BBABDE8F08100002E2E2F4D6964646C01
:100F10006577617265732F54686972645F5061729E
:100F200074792F4C7749502F7372632F636F7265FA
:100F30002F6D656D2E6300006D656D5F6672656572
:100F40003A2073616E69747920636865636B206110
:100F50006C69676E6D656E7400000000D00000243F
:100F60006D656D5F667265653A20696C6C65676179
:100F70006C206D656D6F72790000000041737365C0
:100F80007274696F6E2022257322206661696C6518
:100F900064206174206C696E6520256420696E2070
:100FA00025730A006D656D5F667265653A20696C30
:100FB0006C6567616C206D656D6F72793A206E6F3C
:100FC0006E2D6C696E6B65643A20646F75626C653A
:100FD00020667265650000006D656D5F667265650F
:100FE0003A20696C6C6567616C206D656D6F727914
:100FF0003A20646F75626C6520667265650000005A
:1010000070B5124C00214FF040504FF480352060F5
:10101000C0E900510172284602F0A2FF6060012180
:101020000172056045602068E06004F1080003F08B
:10103000F4F9002808D0BDE8704005A340F21F2253
:101040000FA116A0FBF726BF70BD0000D000002442
:101050002E2E2F4D6964646C6577617265732F5411
:10106000686972645F50617274792F4C7749502FB0
:101070007372632F636F72652F6D656D2E63000051
:101080006661696C656420746F2063726561746564
:10109000206D656D5F6D75746578000041737365D3
:1010A0007274696F6E2022257322206661696C65F7
:1010B00064206174206C696E6520256420696E204F
:1010C00025730A002DE9F04700280DD0C11C21F03E
:1010D00003050C2D4FF4803901D20C2501E04D455C
:1010E00001D8854202D20020BDE8F087424803F0D3
:1010F0008FF94148C5F5803708388246C1680068D5
:101100000E1A73E0304602F02BFF0446007A0028E6
:1011100069D12068801B0C38A84264D3216805F18E
:1011200018004FF00108891B0C3981421CD3771934
:101130000C374F4506D131A340F287323BA140A086
:10114000FBF7A8FE384602F00BFF0021017222686F
:10115000C0E90026276084F808800068484505D06B
:1011600002F0FEFE476001E084F808805646DAF897
:101170000C00844203D014E0006802F0F1FE017A12
:1011800011B171688842F7D1F0607168884208D067
:10119000007A30B119A340F2B53233A128A0FBF791
:1011A00079FE154803F048F9716860190C308842DF
:1011B00006D912A340F2B93232A121A0FBF76AFE90
:1011C000A0070DD00DA340F2BB323AA11CA0FBF743
:1011D00061FE0AA340F2BD3242A119A0FBF75AFEFC
:1011E00004F10C0080E7DAF800008659B74289D88C
:1011F000014803F021F976E7D80000242E2E2F4D68
:101200006964646C6577617265732F546869726490
:101210005F50617274792F4C7749502F7372632F2E
:10122000636F72652F6D656D2E630000696E766168
:101230006C6964206E657874207074720000000020
:10124000417373657274696F6E2022257322206664
:1012500061696C6564206174206C696E6520256429
:1012600020696E2025730A006D656D5F6D616C6C81
:101270006F633A20216C667265652D3E75736564F7
:10128000000000006D656D5F6D616C6C6F633A20EE
:10129000616C6C6F6361746564206D656D6F7279EC
:1012A000206E6F742061626F76652072616D5F657C
:1012B0006E642E006D656D5F6D616C6C6F633A20BE
:1012C000616C6C6F6361746564206D656D6F7279BC
:1012D0002070726F7065726C7920616C69676E65E1
:1012E000642E00006D656D5F6D616C6C6F633A20FC
:1012F00073616E69747920636865636B20616C69E2
:10130000676E6D656E74000001490968401A704788
:10131000D00000242DE9F05F0646C81C20F003042D
:101320000C2C4FF4803A01D20C2401E054452DD806
:101330008C422BD3434F3868864202D3786886426A
:1013400006D341A340F2D1224BA151A0FBF7A2FD4D
:101350003868864202D379688E4204D302F0E6FFF1
:1013600002F0F0FF17E0A6F10C05BB462F1A296822
:10137000C81BA0F10C08444506D933A34FF43972B9
:101380004DA143A0FBF786FD444503D94FF0000073
:10139000BDE8F09F01D13046FAE72A4800F1080085
:1013A00003F036F8286802F0DBFD8146007A002859
:1013B00029D004F11800404520D828683C440C345A
:1013C000504506D120A340F2163243A130A0FBF7CE
:1013D00061FD204602F0C4FDDBF80C20904201D2F2
:1013E000CBF80C00002101722968C0E900172C60BD
:1013F0000068504502D002F0B3FD44601148083047
:1014000003F01AF8C7E72868504506D10EA340F24A
:10141000F52231A11EA0FBF73DFDDBF80C103C448A
:10142000D9F800800C34494504D1204602F098FDDB
:10143000CBF80C00204602F093FD00210172C0E9B8
:101440000087D4E7D00000242E2E2F4D6964646CF1
:101450006577617265732F54686972645F50617259
:1014600074792F4C7749502F7372632F636F7265B5
:101470002F6D656D2E6300006D656D5F7472696D13
:101480003A206C6567616C206D656D6F7279000044
:10149000417373657274696F6E2022257322206612
:1014A00061696C6564206174206C696E65202564D7
:1014B00020696E2025730A006D656D5F7472696D19
:1014C0002063616E206F6E6C7920736872696E6B39
:1014D000206D656D6F727900696E76616C6964204C
:1014E0006E65787420707472000000000A2806D3BC
:1014F00007A34FF4D57212A118A0FBF7CBBC0029AB
:1015000004D0204A52F82000FCF73CBA7047000093
:101510002E2E2F4D6964646C6577617265732F544C
:10152000686972645F50617274792F4C7749502FEB
:101530007372632F636F72652F6D656D702E63001C
:101540006D656D705F667265653A207479706520AF
:101550003C204D454D505F4D41580000417373652F
:101560007274696F6E2022257322206661696C6532
:1015700064206174206C696E6520256420696E208A
:1015800025730A00746B010818B1002908D0FCF714
:10159000F9B904A340F295120EA113A0FBF77ABC8F
:1015A000704700002E2E2F4D6964646C6577617260
:1015B00065732F54686972645F50617274792F4C3F
:1015C0007749502F7372632F636F72652F6D656D4E
:1015D000702E6300696E76616C696420706F6F6C49
:1015E0002064657363000000417373657274696FF2
:1015F0006E2022257322206661696C656420617407
:10160000206C696E6520256420696E2025730A00B0
:101610000020401C80B20A28FBD3704770470000AE
:1016200010B50A2808D308A340F2571212A11AA035
:10163000FBF730FC002010BD214951F82000BDE827
:101640001040FCF7EFB900002E2E2F4D6964646C3A
:101650006577617265732F54686972645F50617257
:1016600074792F4C7749502F7372632F636F7265B3
:101670002F6D656D702E63006D656D705F6D616CB3
:101680006C6F633A2074797065203C204D454D5055
:101690005F4D415800000000417373657274696FBB
:1016A0006E2022257322206661696C656420617456
:1016B000206C696E6520256420696E2025730A0000
:1016C000746B010810B518B1BDE81040FCF7AAB959
:1016D00004A34FF49E720FA113A0FBF7DBFB0020C5
:1016E00010BD00002E2E2F4D6964646C6577617209
:1016F00065732F54686972645F50617274792F4CFE
:101700007749502F7372632F636F72652F6D656D0C
:10171000702E6300696E76616C696420706F6F6C07
:101720002064657363000000417373657274696FB0
:101730006E2022257322206661696C6564206174C5
:10174000206C696E6520256420696E2025730A006F
:1017500010B504000CD0206820B101F045FE002037
:10176000606020602146BDE810400320FFF7BEBE48
:1017700010BD000010B5040007D0206808B101F0CA
:1017800033FE00206060206010BDBDE81040812263
:1017900002A30FA115A0FBF77DBB00002E2E2F4D3D
:1017A0006964646C6577617265732F5468697264EB
:1017B0005F50617274792F4C7749502F7372632F89
:1017C0006170692F6E65746275662E63000000009B
:1017D0006E65746275665F667265653A20696E76DD
:1017E000616C696420627566000000004173736576
:1017F0007274696F6E2022257322206661696C65A0
:1018000064206174206C696E6520256420696E20F7
:1018100025730A0070B5040015460E4614D02068E2
:1018200008B101F0E1FD41220021362001F0DEF98E
:101830000028206011D0466020680581206845811D
:1018400020686060002070BD992206A312A118A034
:10185000FBF720FB6FF00F0070BD00206060401EA2
:1018600070BD00002E2E2F4D6964646C6577617227
:1018700065732F54686972645F50617274792F4C7C
:101880007749502F7372632F6170692F6E65746290
:1018900075662E63000000006E65746275665F7287
:1018A00065663A20696E76616C69642062756600CF
:1018B000417373657274696F6E20222573222066EE
:1018C00061696C6564206174206C696E65202564B3
:1018D00020696E2025730A002DE9F0410F46064667
:1018E0000420FFF79DFE04000FD02670002506F0AF
:1018F000F0002572202865600AD014A340F2E5228A
:101900001FA129A0FBF7C6FA12E00020BDE8F08174
:1019100004F110000621064602F052FD40B90021F4
:1019200004F10C0002F090FD38B1304602F03EFDAB
:1019300004202146FFF7DAFDE7E7E7614FF0FF30CB
:101940006061204665702576E0E700002E2E2F4D61
:101950006964646C6577617265732F546869726439
:101960005F50617274792F4C7749502F7372632FD7
:101970006170692F6170695F6D73672E630000008D
:101980006E6574636F6E6E5F616C6C6F633A207529
:101990006E646566696E6564206E6574636F6E6EF5
:1019A0005F74797065000000417373657274696FCC
:1019B0006E2022257322206661696C656420617443
:1019C000206C696E6520256420696E2025730A00ED
:1019D00010B50A680C460C3202F08AFF002801D1CB
:1019E00094F9040010BD000000B589B010B10029C1
:1019F0000BD00BE00AA34FF49C7216A11CA0FBF7BE
:101A000049FA6FF00F0009B000BD23490090234848
:101A100002916946ADF80C20FFF7DAFFF3E700000A
:101A20002E2E2F4D6964646C6577617265732F5437
:101A3000686972645F50617274792F4C7749502FD6
:101A40007372632F6170692F6170695F6C69622EB8
:101A5000630000006E6574636F6E6E5F62696E6432
:101A60003A20696E76616C696420636F6E6E000067
:101A7000417373657274696F6E202225732220662C
:101A800061696C6564206174206C696E65202564F1
:101A900020696E2025730A00AC6B0108330401082D
:101AA00070B5050004D000F043F9040002D004E052
:101AB000002070BD284600F011F8204670BD70B5BA
:101AC000040009D002F032FC94F908500021217280
:101AD00002F038FC284670BD002070BD70B5044689
:101AE0004068002806D011A34FF447721CA128A01B
:101AF000FBF7D0F904F1100002F085FC002806D0B5
:101B00000AA340F223322CA121A0FBF7C3F904F170
:101B10000C00054602F095FC284602F0ABFC21467D
:101B2000BDE870400420FFF7E1BC00002E2E2F4DD1
:101B30006964646C6577617265732F546869726457
:101B40005F50617274792F4C7749502F7372632FF5
:101B50006170692F6170695F6D73672E63000000AB
:101B6000504342206D757374206265206465616C1A
:101B70006C6F6361746564206F757473696465204C
:101B8000746869732066756E6374696F6E00000017
:101B9000417373657274696F6E202225732220660B
:101BA00061696C6564206174206C696E65202564D0
:101BB00020696E2025730A00726563766D626F7806
:101BC000206D757374206265206465616C6C6F6351
:101BD00061746564206265666F72652063616C6C18
:101BE000696E6720746869732066756E6374696FC7
:101BF0006E00000070B588B00D461146FFF76CFE10
:101C0000040036D01C4869468DF808500094FFF750
:101C1000DFFE00282DD06068002805D0A32217A37E
:101C200023A12CA0FBF736F904F11000054602F0C1
:101C3000EAFB28B9A42211A330A126A0FBF72AF9B8
:101C400004F10C00064602F01BFC28B9A9220BA3E4
:101C500030A120A0FBF71EF9304602F0F2FB284627
:101C600002F0A4FB04202146FFF740FC002008B04E
:101C700070BD2046FBE70000790501082E2E2F4D90
:101C80006964646C6577617265732F546869726406
:101C90005F50617274792F4C7749502F7372632FA4
:101CA0006170692F6170695F6C69622E630000006A
:101CB00066726565696E6720636F6E6E2077697402
:101CC000686F75742066726565696E6720706362FF
:101CD00000000000417373657274696F6E202225E5
:101CE0007322206661696C6564206174206C696E82
:101CF0006520256420696E2025730A00636F6E6E6F
:101D000020686173206E6F20726563766D626F78F4
:101D100000000000636F6E6E20686173206E6F209C
:101D20006F705F636F6D706C6574656400000000B8
:101D300000B5002889B004D0009069460248FFF73A
:101D400047FE09B000BD00005D0401082DE9F8431D
:101D5000044617460D004FF000006FF00F0600908C
:101D600012D02860ACB104F11000804602F04BFBA9
:101D700000286FF00A0614D0207E810719D4790755
:101D800017D4C00715D112E021A34FF412722DA170
:101D900003E01FA340F24A2232A139A0FBF77AF8F0
:101DA00015E02046FFF78BFE002811D10FE0207AC6
:101DB00098B16946404602F0A8FA401C12D120466C
:101DC000FFF77DFE002803D1207EC00702D03046F9
:101DD000BDE8F8836FF00600FAE700226946404646
:101DE00002F070FA009830B909A340F291222EA1B6
:101DF00023A0FBF74FF80098E3690068028913B14C
:101E0000012120469847009828600020E0E7000064
:101E10002E2E2F4D6964646C6577617265732F5443
:101E2000686972645F50617274792F4C7749502FE2
:101E30007372632F6170692F6170695F6C69622EC4
:101E4000630000006E6574636F6E6E5F726563762B
:101E50003A20696E76616C696420706F696E746592
:101E6000720000006E6574636F6E6E5F72656376FC
:101E70003A20696E76616C696420636F6E6E000053
:101E8000417373657274696F6E2022257322206618
:101E900061696C6564206174206C696E65202564DD
:101EA00020696E2025730A0062756620213D204E50
:101EB000554C4C0010B520B103780124B4EB131F2E
:101EC00009D107A34FF4537212A11DA0FAF7E2FF44
:101ED0006FF00F0010BDBDE81040FFF737BF0000E6
:101EE0002E2E2F4D6964646C6577617265732F5473
:101EF000686972645F50617274792F4C7749502F12
:101F00007372632F6170692F6170695F6C69622EF3
:101F1000630000006E6574636F6E6E5F726563765A
:101F20005F7564705F7261775F6E65746275663A43
:101F300020696E76616C696420636F6E6E000000CC
:101F4000417373657274696F6E2022257322206657
:101F500061696C6564206174206C696E652025641C
:101F600020696E2025730A0000B589B038B1009051
:101F7000084802916946FFF72BFD09B000BD06A392
:101F800040F2B23211A118A0FAF784FF6FF00F00EF
:101F9000F3E700008B0501082E2E2F4D6964646C59
:101FA0006577617265732F54686972645F506172FE
:101FB00074792F4C7749502F7372632F6170692F9A
:101FC0006170695F6C69622E630000006E65746306
:101FD0006F6E6E5F73656E643A20696E76616C69D0
:101FE0006420636F6E6E0000417373657274696F75
:101FF0006E2022257322206661696C6564206174FD
:10200000206C696E6520256420696E2025730A00A6
:102010002DE9F047DDE90968DDF820C0040003D0B0
:102020003EB100290DD00DE035A340F2271241A1A9
:1020300003E033A34FF4947245A14EA0FAF72AFFB0
:102040001CE0564902B9554A03B9544B0025656056
:10205000A5605448E5606061514F258584F8315092
:10206000E561C4E9085C387884F834002046C4F897
:10207000108000F0D5F92046B04710B10020BDE82F
:10208000F087AA4640F28B1840F28D1994F834007C
:10209000FF2801D184F834A000267D681FE0A54206
:1020A00005D117A3424640A132A0FAF7F3FE761CF1
:1020B000FF2E05DD12A34A4640A12EA0FAF7EAFE44
:1020C00095F8340094F83410884207D1C8B2002D36
:1020D00000F1010084F83400D8D102E02D68002D11
:1020E000DDD194F83400FE2806D0401C38707868A2
:1020F000206020467C60C2E787F800A0F7E7000078
:102100002E2E2F4D6964646C6577617265732F5450
:10211000686972645F50617274792F4C7749502FEF
:102120007372632F636F72652F6E657469662E63B9
:10213000000000006E657469665F6164643A20693E
:102140006E76616C6964206E6574696600000000DB
:102150006E657469665F6164643A204E6F20696ED3
:1021600069742066756E6374696F6E206769766541
:102170006E000000417373657274696F6E202225D2
:102180007322206661696C6564206174206C696EDD
:102190006520256420696E2025730A00AC6B010858
:1021A000E0000024192401086E6574696620616CE2
:1021B000726561647920616464656400746F6F2086
:1021C0006D616E79206E65746966732C206D61781F
:1021D0002E20737570706F72746564206E756D62F9
:1021E00065722069732032353500000002F0B0BE00
:1021F0000A68C3689A4204D001B90022C260012073
:102200007047002070470000F8B50C0016460546E0
:1022100006D115A340F2CB1220A124A0FAF73AFE72
:1022200036B911A34FF4E6721CA120A0FAF732FED2
:1022300020686968884215D00090694668683060F7
:102240003046FFF7D3FF5CB1206801216860284663
:1022500000F082F8E96909B1284688470120F8BDF5
:102260000020F2E70020F8BD2E2E2F4D6964646C2B
:102270006577617265732F54686972645F5061722B
:1022800074792F4C7749502F7372632F636F726587
:102290002F6E657469662E6300000000696E7661BA
:1022A0006C696420706F696E746572004173736548
:1022B0007274696F6E2022257322206661696C65D5
:1022C00064206174206C696E6520256420696E202D
:1022D00025730A000A6883689A4204D001B9002273
:1022E00082600120704700207047000010B5040094
:1022F00006D0A01CEEF7D5F8C1B20B48406810E03C
:10230000002010BD90F834208A4209D1227890F83C
:1023100032309A4204D1627890F833309A42F0D049
:1023200000680028EED110BDE000002401000CD0B0
:102330000748406807E000BF90F83420521CD2B232
:102340008A4203D000680028F6D1002070470000C0
:10235000E00000247047000070B504000D4606D16F
:102360000DA340F26D3219A121A0FAF793FD94F864
:10237000310041070ED5C1070CD0E9070AD06168CA
:10238000002907D0000705D5211D2046BDE8704073
:10239000FCF79AB870BD00002E2E2F4D6964646C56
:1023A0006577617265732F54686972645F506172FA
:1023B00074792F4C7749502F7372632F636F726556
:1023C0002F6E657469662E63000000006E65746987
:1023D000665F69737375655F7265706F7274733A67
:1023E00020696E76616C6964206E657469660000B0
:1023F000417373657274696F6E20222573222066A3
:1024000061696C6564206174206C696E6520256467
:1024100020696E2025730A006FF00B0070470000E2
:102420002DE9F84F4FF000091D460C001646824674
:10243000C84600D1114C06B9104E05B90F4DACB1CC
:10244000206898B100274A4631465046FFF742FFC0
:10245000424629465046FFF7CBFE002F04D16A467C
:1024600021465046FFF7D0FEBDE8F88F01276A46A7
:1024700021465046FFF7C8FEE5E70000AC6B0108B7
:102480000149886070470000E000002410B5040096
:1024900013D094F83100C10718D000F0FE0084F882
:1024A0003100010702D52046FBF728FBE16900292E
:1024B0000CD02046BDE810400847BDE8104004A3FA
:1024C00040F29B320FA117A0FAF7E4BC10BD000048
:1024D0002E2E2F4D6964646C6577617265732F547D
:1024E000686972645F50617274792F4C7749502F1C
:1024F0007372632F636F72652F6E657469662E63E6
:10250000000000006E657469665F7365745F646FD8
:10251000776E3A20696E76616C6964206E657469C5
:1025200066000000417373657274696F6E20222526
:102530007322206661696C6564206174206C696E29
:102540006520256420696E2025730A00002800D0CC
:102550000162704758B190F8312051070ED5016AD9
:1025600002F0FB0280F83120002907D0084704A3BD
:1025700040F206420FA118A0FAF78CBC7047000089
:102580002E2E2F4D6964646C6577617265732F54CC
:10259000686972645F50617274792F4C7749502F6B
:1025A0007372632F636F72652F6E657469662E6335
:1025B000000000006E657469665F7365745F6C6926
:1025C0006E6B5F646F776E3A20696E76616C6964DA
:1025D000206E657469660000417373657274696F7B
:1025E0006E2022257322206661696C656420617407
:1025F000206C696E6520256420696E2025730A00B1
:1026000010B5040012D094F83100410717D440F0FF
:10261000040084F8310003212046FFF79DFE216A63
:1026200000290CD02046BDE810400847BDE8104006
:1026300003A34FF478720FA117A0FAF72BBC10BDBB
:102640002E2E2F4D6964646C6577617265732F540B
:10265000686972645F50617274792F4C7749502FAA
:102660007372632F636F72652F6E657469662E6374
:10267000000000006E657469665F7365745F6C6965
:102680006E6B5F75703A20696E76616C6964206E5E
:102690006574696600000000417373657274696F48
:1026A0006E2022257322206661696C656420617446
:1026B000206C696E6520256420696E2025730A00F0
:1026C00010B5040011D094F83100C10716D1E169AA
:1026D00040F0010084F8310009B1204688472046C7
:1026E000BDE810400321FFF737BEBDE8104004A34A
:1026F0004FF454720FA116A0FAF7CCBB10BD000026
:102700002E2E2F4D6964646C6577617265732F544A
:10271000686972645F50617274792F4C7749502FE9
:102720007372632F636F72652F6E657469662E63B3
:10273000000000006E657469665F7365745F757094
:102740003A20696E76616C6964206E657469660012
:10275000417373657274696F6E202225732220663F
:1027600061696C6564206174206C696E6520256404
:1027700020696E2025730A0010B500B9012003F00E
:102780005DF9002010BD10B503F04EFA002010BD19
:1027900010B5FCF7B7FB18B1BDE8104003F09CBFC3
:1027A000BDE8104003F092BF38B5D0E901120468CB
:1027B0003AB1C3682BB100200090204603F05FFBC4
:1027C00038BD2046BDE83840002203F037BB10B5C5
:1027D0000446FCF797FB08B1822010BD204603F0A9
:1027E00001F9002010BD00002DE9FF410D004FF060
:1027F00000060746CDE901651ED0501C34460396FD
:102800001FD002B11446FCF77DFB69464FF010085B
:10281000E8B1091D284603AA03F0AAFD012813D038
:1028200000960398E8B114494FF080500860BFF358
:102830004F8FBFF36F8F14E0802031462A460090FF
:1028400011E04FF0FF34DEE7CDF80080E9E7091D25
:102850002246284603F0EEFC012808D054B140205F
:1028600000909DE8070087E80700BDE8FF81CDF8EC
:102870000080F6E70020F3E704ED00E037B582B012
:10288000054614004FF00000009000D10124FCF731
:1028900039FB4FF0000388B103A96A46284603F0CC
:1028A0001BFC012811D1009890B10A494FF08050CB
:1028B0000860BFF34F8FBFF36F8F09E003A9224673
:1028C000284603F059FB012802D0FF2005B030BD97
:1028D0000020FBE704ED00E010B50446FCF712FB16
:1028E0000028204603D0BDE8104002F0D7BEBDE866
:1028F000104002F0C1BE41684FF0010009B103F081
:1029000090BA03F083BA000038B50024054600945D
:10291000FCF7F8FA90B16946284603F03CFC012820
:1029200001D0FF2038BD009888B10A494FF080508F
:102930000860BFF34F8FBFF36F8F08E00023284676
:102940001A46194603F018FB012800D0FF24204640
:1029500038BD000004ED00E038B505004FF0000080
:10296000009010D0481C4FF000040ED001B10C466E
:10297000FCF7C8FAB8B100216A46284603F0F8FC13
:10298000012816D104E0802038BD4FF0FF34EFE776
:10299000009880B109494FF080500860BFF34F8F15
:1029A000BFF36F8F07E02146284603F02FFD012873
:1029B00001D0FF2038BD002038BD000004ED00E04C
:1029C00038B543684BB1012909D10320009000229A
:1029D0000120114603F053FA38BD012901D000202F
:1029E00038BD03220021012003F028FA040004D09E
:1029F00000231A46194603F0BFFA204638BD10B529
:102A00000446FCF77FFA08B1822010BD204602F090
:102A1000E9FF002010BD000038B5002405460094F1
:102A2000FCF770FA90B16946284603F0B4FB012820
:102A300001D0FF2038BD009888B10A494FF080507E
:102A40000860BFF34F8FBFF36F8F08E00023284665
:102A50001A46194603F090FA012800D0FF242046B8
:102A600038BD000004ED00E038B505004FF000006F
:102A7000009010D0481C4FF000040ED001B10C465D
:102A8000FCF740FAB8B100216A46284603F070FC12
:102A9000012816D104E0802038BD4FF0FF34EFE765
:102AA000009880B109494FF080500860BFF34F8F04
:102AB000BFF36F8F07E02146284603F0A7FC0128EB
:102AC00001D0FF2038BD002038BD000004ED00E03B
:102AD0007FB50D4641690446B0F9080081B1A1698E
:102AE00071B1FEF7A1F9D4E905122B468DE8070074
:102AF0002269D4E9001003F0B0FD039004B070BD6A
:102B0000FEF792F903A92B46CDE90001228AD4E908
:102B1000001092B203F074FD012801D00020EDE70F
:102B20000398EBE7002200F001B8000070B5A8B1EF
:102B3000B1F5803F26D2002918D004898BB214FA4F
:102B400081F5ADB29D421DD3057B2D0610D545689C
:102B500000F11002691A914214D30CE00AA340F26A
:102B6000DF1215A117A0FAF795F90BE0002070BD50
:102B700042B14268511A45894160E2180281E91860
:102B80004181F3E7012070BD2E2E2F4D6964646CE6
:102B90006577617265732F54686972645F50617202
:102BA00074792F4C7749502F7372632F636F72655E
:102BB0002F706275662E63007020213D204E554CAB
:102BC0004C000000417373657274696F6E2022259A
:102BD0007322206661696C6564206174206C696E83
:102BE0006520256420696E2025730A002DE9FC5FAD
:102BF000012A90460F46114605460FD041290DD0B7
:102C0000B1F5C17F11D0B2F5207F54D040A340F27E
:102C100027124BA151A0FAF73DF95AE000200A46CD
:102C2000394600F0F7F8044670E00024A146092078
:102C3000FEF7F6FC060037D005F1030B2BF003007E
:102C4000C0F5BE60B84200D938463A4600218246F7
:102C5000701953461330CDE9008120F0030130464E
:102C600000F096FC3079800706D029A34FF48072DB
:102C700044A13AA0FAF70EF94FF4BE71B1EB9B0FE5
:102C800006D123A34FF481724AA134A0FAF702F9C6
:102C90007CB1C9F8006000BFA7EB0A00B14600256F
:102CA00007043F0CC3D131E09CB1204600F09CFBEF
:102CB0000FE03446F0E7E81CF91C20F0030021F097
:102CC0000301084480B2814200F1100001D8814222
:102CD00002D90020BDE8FC9FFEF7F4F9041EF9D0EC
:102CE00000203B461A46CDE900806019133020F0E1
:102CF0000301204600F04CFC2079800706D004A395
:102D00004FF4917238A115A0FAF7C4F82046E1E714
:102D10002E2E2F4D6964646C6577617265732F5434
:102D2000686972645F50617274792F4C7749502FD3
:102D30007372632F636F72652F706275662E630006
:102D4000706275665F616C6C6F633A206572726F5A
:102D50006E656F75732074797065000041737365DB
:102D60007274696F6E2022257322206661696C651A
:102D700064206174206C696E6520256420696E2072
:102D800025730A00706275665F616C6C6F633A2030
:102D90007062756620712D3E7061796C6F61642080
:102DA00070726F7065726C7920616C69676E6564B2
:102DB00000000000504255465F504F4F4C5F425557
:102DC0004653495A45206D757374206265206269C7
:102DD00067676572207468616E204D454D5F414C98
:102DE00049474E4D454E5400706275665F616C6C8C
:102DF0006F633A20706275662D3E7061796C6F6109
:102E0000642070726F7065726C7920616C69676E96
:102E1000656400002DE9FC41412A14460E46074630
:102E200008D0012C06D00CA34FF4A57216A11BA04C
:102E3000FAF730F80820FEF7F3FB05004FF000002A
:102E400008D0CDE90040334639461A46284600F0FE
:102E50009FFB2846BDE8FC812E2E2F4D6964646CD3
:102E60006577617265732F54686972645F5061722F
:102E700074792F4C7749502F7372632F636F72658B
:102E80002F706275662E6300696E76616C696420CE
:102E9000706275665F7479706500000041737365D8
:102EA0007274696F6E2022257322206661696C65D9
:102EB00064206174206C696E6520256420696E2031
:102EC00025730A007CB51C46C01CDDE9063520F0E0
:102ED00003004618AE4201D900207CBD0BB1184456
:102EE00000E000200223CDE900230B4601461A46EC
:102EF000204600F04DFB20467CBD000070B50D461D
:102F000008B1002D08D1BDE8704014A340F2593239
:102F10001EA12CA0F9F7BEBF0446006820B1298984
:102F2000228911442181F7E72089618988420FD0E5
:102F30000AA340F262322DA122A0F9F7ABFF20686C
:102F400030B106A340F2633234A11EA0F9F7A2FF0C
:102F50002089298908442081256070BD2E2E2F4D9F
:102F60006964646C6577617265732F546869726413
:102F70005F50617274792F4C7749502F7372632FB1
:102F8000636F72652F706275662E6300286820215A
:102F90003D204E554C4C2920262620287420213DCA
:102FA000204E554C4C29202870726F6772616D6DF0
:102FB00065722076696F6C61746573204150492990
:102FC00000000000417373657274696F6E202225E2
:102FD0007322206661696C6564206174206C696E7F
:102FE0006520256420696E2025730A00702D3E74CB
:102FF0006F745F6C656E203D3D20702D3E6C656E7C
:1030000020286F66206C6173742070627566206979
:103010006E20636861696E2900000000702D3E6EAD
:10302000657874203D3D204E554C4C0010B50C4643
:10303000FFF764FF2046BDE8104000F04FBB0021C1
:1030400002E00068491C89B20028FAD1084670479E
:1030500070B5138915460A461946FFF7C7FD0400E7
:103060000CD0294600F042F830B105A340F22452BA
:103070000FA114A0F9F70EFF204670BD002070BD0F
:103080002E2E2F4D6964646C6577617265732F54C1
:10309000686972645F50617274792F4C7749502F60
:1030A0007372632F636F72652F706275662E630093
:1030B000706275665F636F7079206661696C6564C4
:1030C00000000000417373657274696F6E202225E1
:1030D0007322206661696C6564206174206C696E7E
:1030E0006520256420696E2025730A002DE9F047CC
:1030F0004FF000070C4605003E466FF00F0904D064
:103100001CB128892189884204D232A340F2C932F5
:103110003CA145E06FF0050A69896089C91B801BE5
:10312000814201D3804600E0884661686868424673
:1031300031443844EDF776F9698947444644B94249
:1031400006D224A340F2D9323AA140A0F9F7A2FE58
:103150006089B04206D21FA340F2DA3245A13BA0FB
:10316000F9F798FE6089B04201D824680026688982
:10317000B84202D12D68002765B1002C16D06089B5
:103180002189884212D1206800280FD011A340F273
:10319000E93215E0002C1BD00EA34FF479723CA14C
:1031A0002AA0F9F777FE4846BDE8F08775B168892F
:1031B000298988420AD1286840B106A340F2EE323C
:1031C00037A122A0F9F766FE5046EDE7002CA3D107
:1031D0000020E9E72E2E2F4D6964646C65776172DB
:1031E00065732F54686972645F50617274792F4CF3
:1031F0007749502F7372632F636F72652F706275FA
:10320000662E6300706275665F636F70793A207432
:103210006172676574206E6F742062696720656EE5
:103220006F75676820746F20686F6C6420736F75AA
:10323000726365006F66667365745F746F203C3DF2
:1032400020705F746F2D3E6C656E00004173736576
:103250007274696F6E2022257322206661696C6525
:1032600064206174206C696E6520256420696E207D
:1032700025730A006F66667365745F66726F6D20F2
:103280003C3D20705F66726F6D2D3E6C656E000078
:10329000705F746F20213D204E554C4C00000000A3
:1032A000706275665F636F7079282920646F65733B
:1032B000206E6F7420616C6C6F77207061636B653A
:1032C0007420717565756573210000002DE9F04764
:1032D0004FF0000716468946B84620B1B9F1000FF5
:1032E00006D004462CE019A340F20A4223A103E0D1
:1032F00016A340F20B4229A131A0F9F7CBFD002023
:10330000BDE8F0872BB16089984202D8181A83B2C1
:1033100015E06089C01A85B2B54200D935466168AA
:1033200009EB07002A461944EDF77CF879190023C8
:10333000721B08EB05001FFA80F88FB296B2246862
:103340000EB1002CDED14046DAE700002E2E2F4DC4
:103350006964646C6577617265732F54686972641F
:103360005F50617274792F4C7749502F7372632FBD
:10337000636F72652F706275662E6300706275668A
:103380005F636F70795F7061727469616C3A206914
:103390006E76616C696420627566000070627566A5
:1033A0005F636F70795F7061727469616C3A2069F4
:1033B0006E76616C6964206461746170747200007F
:1033C000417373657274696F6E20222573222066C3
:1033D00061696C6564206174206C696E6520256488
:1033E00020696E2025730A002DE9F041040007D002
:1033F0005FF0000500F09AFF0746A07B50B110E097
:1034000026A34FF4377231A133A0F9F743FD002012
:10341000BDE8F08121A340F2F12239A12EA0F9F7F5
:1034200039FDA07B401EC6B23846A67300F08AFF65
:10343000002E24D1617B207B2668890700F00F00D5
:103440000CD5206930B915A340F2FF2232A122A089
:10345000F9F720FD2169204688470BE0022810D0AB
:10346000012811D0A8B10DA340F20F3233A11AA048
:10347000F9F710FD05F101053400EDB2BAD1284687
:10348000C6E70920214601E008202146FEF72EF874
:10349000F0E72046FDF7D0FCECE700002E2E2F4D84
:1034A0006964646C6577617265732F5468697264CE
:1034B0005F50617274792F4C7749502F7372632F6C
:1034C000636F72652F706275662E63007020213DF8
:1034D000204E554C4C000000417373657274696F47
:1034E0006E2022257322206661696C6564206174F8
:1034F000206C696E6520256420696E2025730A00A2
:10350000706275665F667265653A20702D3E726501
:1035100066203E203000000070632D3E637573749A
:103520006F6D5F667265655F66756E6374696F6EF9
:1035300020213D204E554C4C00000000696E766104
:103540006C69642070627566207479706500000093
:103550000146084810B5FEF717F807480178012919
:1035600006D1002101704068BDE81040FFF754BA51
:1035700010BD0000386A0108580000240122AFF392
:103580000080002902DA494200F0F6B8FFF7CEBA0F
:1035900070B50024DDE904564160012102814381B8
:1035A0004673057381730460C47370BD2DE9F041E7
:1035B00004000D4606D120A34FF4CC722AA130A0FE
:1035C000F9F768FC2089A84234D9401B40F2AF17B4
:1035D00086B20CE021892A1A95B2881B20812468C2
:1035E0002CB915A33A4630A125A0F9F753FC608900
:1035F000A842EFD3207B000714D16089A84211D0E4
:10360000607B80070ED46068001B41192046FDF7DF
:1036100081FE040006D108A340F2BD1228A118A023
:10362000F9F738FC20686581258108B1FFF7DCFED9
:1036300000202060BDE8F0812E2E2F4D6964646C5F
:103640006577617265732F54686972645F50617247
:1036500074792F4C7749502F7372632F636F7265A3
:103660002F706275662E6300706275665F726561A9
:103670006C6C6F633A207020213D204E554C4C00FD
:10368000417373657274696F6E2022257322206600
:1036900061696C6564206174206C696E65202564C5
:1036A00020696E2025730A00706275665F7265611D
:1036B0006C6C6F633A207120213D204E554C4C00BC
:1036C0006D656D5F7472696D2072657475726E657B
:1036D000642071203D3D204E554C4C0010B5040037
:1036E00012D000F023FEA17B491CA17300F02AFE3A
:1036F000A07B002808D1BDE8104004A340F242326C
:103700000EA113A0F9F7C6BB10BD00002E2E2F4D41
:103710006964646C6577617265732F54686972645B
:103720005F50617274792F4C7749502F7372632FF9
:10373000636F72652F706275662E630070627566C6
:1037400020726566206F766572666C6F7700000088
:10375000417373657274696F6E202225732220662F
:1037600061696C6564206174206C696E65202564F4
:1037700020696E2025730A0070B520B1B1F5803F35
:1037800006D3012070BD0FA340F24B2219A109E01E
:1037900000290BD043898AB2934209D209A340F28F
:1037A000552217A11EA0F9F775FBEAE7002070BDAE
:1037B00005899B1A44684381AA1A21444160028109
:1037C000F4E700002E2E2F4D6964646C65776172FA
:1037D00065732F54686972645F50617274792F4CFD
:1037E0007749502F7372632F636F72652F70627504
:1037F000662E63007020213D204E554C4C00000089
:10380000696E6372656D656E745F6D61676E697414
:10381000756465203C3D20702D3E6C656E00000097
:10382000417373657274696F6E202225732220665E
:1038300061696C6564206174206C696E6520256423
:1038400020696E2025730A0070B5044600680025C3
:103850004068002806D013A340F265221EA126A0CE
:10386000F9F718FB2068007800F0F000202801D05C
:10387000FA2015E0284601F092FB21684860216893
:1038800068B10978222901D10121017422682449F3
:10389000506801F087FB20684068002801D1FF20B4
:1038A000207170BD2E2E2F4D6964646C6577617236
:1038B00065732F54686972645F50617274792F4C1C
:1038C0007749502F7372632F6170692F6170695F40
:1038D0006D73672E630000007063625F6E65773AF8
:1038E0002070636220616C726561647920616C6C28
:1038F0006F63617465640000417373657274696F0E
:103900006E2022257322206661696C6564206174D3
:10391000206C696E6520256420696E2025730A007D
:10392000914001082DE9F041304D04462868844259
:1039300006D22FA340F2DF1239A13FA0F9F7AAFA6D
:103940006868844206D32AA34FF4F07244A13AA0D7
:10395000F9F7A0FA207A30B125A340F2E11247A18D
:1039600035A0F9F797FA20684FF48038404506D91A
:103970001FA34FF4F27248A12FA0F9F78BFA206829
:1039800000F0EEFA0646B44215D0307A98B968686D
:10399000864210D0E868B04200D1EC603068206008
:1039A0003068404507D02046FDF7AEFC074630683A
:1039B00000F0D6FA4760606800F0D2FAA04212D058
:1039C000017A00290FD1E968A14200D1E86021689D
:1039D00001602168414506D0FDF796FC0546206848
:1039E00000F0BEFA4560BDE8F0810000D000002480
:1039F0002E2E2F4D6964646C6577617265732F5448
:103A0000686972645F50617274792F4C7749502FE6
:103A10007372632F636F72652F6D656D2E63000087
:103A2000706C75675F686F6C65733A206D656D20AB
:103A30003E3D2072616D0000417373657274696F61
:103A40006E2022257322206661696C656420617492
:103A5000206C696E6520256420696E2025730A003C
:103A6000706C75675F686F6C65733A206D656D206B
:103A70003C2072616D5F656E64000000706C75675C
:103A80005F686F6C65733A206D656D2D3E7573656B
:103A900064203D3D20300000706C75675F686F6C7E
:103AA00065733A206D656D2D3E6E657874203C3DE2
:103AB000204D454D5F53495A455F414C49474E455E
:103AC000440000002DE9F041184C0F460546E66819
:103AD0002068001D01F0BDFD38B922680121206970
:103AE00092F82C20914088432061681C07D137B19F
:103AF0002168BDE8F0410E48091D01F0C5BE2068EF
:103B00003544B5424560216805D2A06B091DBDE86A
:103B1000F04101F0A1BE606B091D01F09DFEA06A9D
:103B2000854200D2A562BDE8F081000010010024AA
:103B3000541C04242DE9F041054601F0B1FE2E4C41
:103B40002E4FA068401CA060206810B1606940B38F
:103B50002DE02560A068012829D1002606EB86000B
:103B600007EB800001F06AFE761C072EF6D323488F
:103B70008C3001F063FE2148A03001F05FFE1F4849
:103B8000B43001F05BFE1D48C83001F057FE1B4801
:103B9000DC3001F053FE19488C3060631430A063B0
:103BA00005E0E86A2168C96A814200D825600120E1
:103BB000616A491C6162E96A226988401043206198
:103BC00001EB8100291D07EB800001F05DFE01F093
:103BD00087FE606900280CD02068E96AC06A8842C4
:103BE00007D207494FF080500860BFF34F8FBFF3F3
:103BF0006F8FBDE8F081000010010024781B0424C1
:103C000004ED00E030B4026C0B46002A0BD0D0E982
:103C100002411144C160A14201D30168C16018464C
:103C200030BCECF7FFBB30BC70472DE9F041856B31
:103C30001746026C0446002682B1C7B1E068ECF773
:103C4000F1FBE168206C2268091AE160914202D21E
:103C5000A168081AE060022F16D017E02068A8B902
:103C6000A06802F0A7FD06460020A0600EE0606894
:103C7000ECF7D8FBD4E90101226C10446060884263
:103C800004D32068606001E005B16D1E6D1CA56362
:103C90003046BDE8F08110B5044690F8510058B1A7
:103CA00001280CD002280FD0502080F31188BFF3D8
:103CB0004F8FBFF36F8FFEE7206B01F025FE20468C
:103CC000BDE8104001F020BE10BD000011484FF4C7
:103CD000C83110B5420706D00E49C01D20F00700BC
:103CE000411AC1F5C8310C4C002301440839A4F134
:103CF000180221F00701C4E900030C1A11604B609F
:103D00000B60C0E9001494604FF0004154605161B1
:103D100010BD00000000002064010024144E4FF08C
:103D20008058144CDFF85090A6F1C80712E000BF8D
:103D300001F0B6FDF068C568281D01F08AFCA06896
:103D4000401EA0606068401E606001F0C9FD28460A
:103D5000FFF7A1FF60680028EAD138680128F9D987
:103D6000C9F80080BFF34F8FBFF36F8FF2E70000F9
:103D7000401C04241001002404ED00E0002807D0BA
:103D80000021816001600B460A46C16002F0F4B870
:103D900070470346009829B10260C0E90F31012144
:103DA00002F0A0B80060F8E72DE9F0479A46814696
:103DB0006FF00303DDE9098403EB8202089E206BA8
:103DC000104420F00707780707D0502080F31188AF
:103DD000BFF34F8FBFF36F8FFEE74FF0000561B168
:103DE000002023180A5C83F834200A5C12B1401CBE
:103DF0001028F6D384F8435001E084F83450072E9D
:103E000000D30626E662201DC4E9116501F021FDFC
:103E100004F1180001F01DFDE564C6F10700A06182
:103E200084F850505246246149463846646200F096
:103E300017F9B8F1000F206001D0C8F80040BDE8C4
:103E4000F087000030B5114900E011460A6882424F
:103E5000FBD34B685C18844203D144680846234472
:103E60004B6043681D18954209D1084C183C2468E2
:103E7000A24209D052681A4442600A68126802607D
:103E8000814200D0086030BD0460F9E7640100247D
:103E900010B5044601F004FDA06B28B15FF00004EA
:103EA00001F01EFD204610BD0124F9E70648416BD4
:103EB000096829B1416BC968C9684968816270475E
:103EC0004FF0FF31FAE70000100100240848406875
:103ED000401C4FF0500080F3118804D0BFF34F8F87
:103EE000BFF36F8FFEE7BFF34F8FBFF36F8FFEE718
:103EF0006C0100242DE9F041044601F0D1FC94F955
:103F0000455004F1240609E0606A48B1304602F0E9
:103F1000E9FC08B101F016FE6D1E6DB2002DF3DC58
:103F20004FF0FF3684F8456001F0DAFC01F0B8FC90
:103F300094F9445004F1100709E0206948B138466B
:103F400002F0D0FC08B101F0FDFD6D1E6DB2002D38
:103F5000F3DC84F84460BDE8F04101F0C1BC00002E
:103F60000149096808447047D00000242DE9F04158
:103F70000027044601F08EFE324E306808B9FFF784
:103F8000A5FE706904424ED1C4B3083460070ED058
:103F900004F00700C0F108000444600707D0502077
:103FA00080F31188BFF34F8FBFF36F8FFEE72CB301
:103FB0007068844237D82348183001460D6801E004
:103FC00028460D466968A14202D229680029F7D126
:103FD00031688D4227D00768296801600837686812
:103FE000011B10290FD92819420708D0502080F34F
:103FF0001188BFF34F8FBFF36F8FFEE713E041606F
:104000006C60FFF71FFF69687068401A7060B268E3
:10401000904200D2B060002072691143C5E90001EE
:10402000F068401CF06002F097FC780707D0502041
:1040300080F31188BFF34F8FBFF36F8FFEE73846D1
:10404000BDE8F0814C0100240449086818B10868F3
:10405000826C521C826408687047000010010024C2
:1040600070B5041F094E231F4FF0807521F0010128
:1040700025601C1F1960A0F120010B1F2660443829
:104080000A606FF002051D6070BD0000CD3E0108A2
:104090002DE9F047DDF820800C001F461646054646
:1040A00005D1E52223A330A138A0F8F7F3FE002DB7
:1040B00028D06868A04205D0EE221EA33DA133A0FF
:1040C000F8F7E8FE05F11000814600F09CF90028A1
:1040D0001ED00320FDF7A4FA040019D02660002F9B
:1040E00066601AD038682146A0604846A4F80C8063
:1040F000368900F07EF9002811D02046BDE8F0474F
:10410000FDF726BBE6220BA332A120A0F8F7C2FEE2
:104110003046BDE8F047FFF767B90020E3E7EB69F9
:10412000002B05D032462846BDE8F047002118474D
:10413000BDE8F0872E2E2F4D6964646C657761723F
:1041400065732F54686972645F50617274792F4C83
:104150007749502F7372632F6170692F6170695FA7
:104160006D73672E63000000726563765F7564701F
:10417000206D7573742068617665206120706362BC
:1041800020617267756D656E740000004173736520
:104190007274696F6E2022257322206661696C65D6
:1041A00064206174206C696E6520256420696E202E
:1041B00025730A00726563765F7564703A207265D4
:1041C000637620666F722077726F6E67207063620D
:1041D00021000000726563765F756470206D7573F1
:1041E00074206861766520616E20617267756D6507
:1041F0006E7400002DE9FF5F01278946C11705464F
:1042000000F00700934605EB517A2D4907FA00F6B6
:104210000C6851E0E06908BB62690020FAB1DDF882
:104220000CE0A36918E000BF02EBC001D1F800C0A8
:10423000AC4510D1B9F1000F04D091F804C05FEA89
:10424000CC7C33D1BBF1000F02D0097989072DD482
:104250005FEA0E012AD1401C8342E5D82BE0B9F178
:10426000000F09D0A16839B1042D05D201EBEA0194
:104270000978314200D00120BBF1000F0AD048B9C3
:10428000E16839B1042D05D201EBEA010978314228
:1042900000D00120039941B140B9206958B1042DE3
:1042A00009D200EBEA000078304020B104F1200090
:1042B000E76100F0E2F82468002CABD1BDE8FF9F75
:1042C000BC0000242DE9FE4317460D460646FEF7C6
:1042D0005FFA316804464FF0FF387FB13A466846CE
:1042E000FEF782FADDE90001102802D04046BDE861
:1042F000FE832960FEF74CFA001BF8E74246684649
:10430000FEF772FA01982860F4E73EB50C460168A2
:1043100000226846FEF768FADDE90010102902D095
:104320004FF0FF303EBD206000203EBD04484FF0FE
:10433000FF3110B50068FEF70FFB012010BD000033
:104340000C01002401480068FEF7DEBA0C010024CD
:104350002DE9F04100F073F80D4C4FF00047054691
:104360002168002911D048682A1ABA420DD20A6879
:104370002260D1E90262606007209046FDF7B6F83E
:10438000002EEDD04046B047EAE7BDE8F0810000DE
:10439000EC000024034810B5FEF7ADFA02490860AE
:1043A00010BD0000B06B01080C01002410B50446DC
:1043B0000068FEF791FA2068BDE81040FEF707BAE2
:1043C0001FB5094B04460DCBCDE90010002168460E
:1043D000CDE90223FEF7E8F9206010B1002004B017
:1043E00010BD4FF0FF30FAE7BC6B010800210160FF
:1043F000704710B500680022FEF740FA002801D08F
:104400004FF0FF3010BD0068002800D00120704739
:1044100000684FF0FF31FEF79FBA1CB5044600203C
:10442000009001906846FEF766FA206008B100200F
:104430001CBD4FF0FF301CBD0068FEF765BAF1F7F8
:1044400003BF0068FEF7DBBA7CB505460C460020CA
:104450000121009001906846FEF7B2FA286008B189
:104460001CB105E04FF0FF307CBD0021FEF7FCFAE7
:1044700000207CBD0021016070470068FEF7CCBAC7
:104480000068002800D0012070472DE9F04188B075
:104490001D4690460F461C2106460E9C6846EBF7CB
:1044A000E8FFCDE9006741466846ADF8084004954D
:1044B000FEF70EFB08B0BDE8F081000070B5B0F16A
:1044C000804F15460E46044606D308A340F2291233
:1044D00013A121A0F8F7DEFCFFF7B1FF20442A4624
:1044E0003146BDE8704000F04BB800002E2E2F4D35
:1044F0006964646C6577617265732F54686972646E
:104500005F50617274792F4C7749502F7372632F0B
:10451000636F72652F74696D656F7574732E6300B8
:1045200054696D656F75742074696D6520746F6F63
:10453000206C6F6E672C206D6178206973204C575A
:1045400049505F55494E5433325F4D41582F342006
:104550006D73656373000000417373657274696FF6
:104560006E2022257322206661696C656420617467
:10457000206C696E6520256420696E2025730A0011
:1045800070B515460E4604460720FDF749F878B188
:10459000114A0021C56080E85200116831B14D68B0
:1045A0004FF00043651B9D4212D30160106070BD47
:1045B000BDE87040BE2209A315A125A0F8F76ABC8A
:1045C0005568651B9D4202D30260086070BD1146AC
:1045D0000A68002AF8D0F3E7EC0000242E2E2F4DB5
:1045E0006964646C6577617265732F54686972647D
:1045F0005F50617274792F4C7749502F7372632F1B
:10460000636F72652F74696D656F7574732E6300C7
:104610007379735F74696D656F75743A2074696D31
:10462000656F757420213D204E554C4C2C20706FC9
:104630006F6C204D454D505F5359535F54494D4564
:104640004F555420697320656D7074790000000027
:10465000417373657274696F6E2022257322206620
:1046600061696C6564206174206C696E65202564E5
:1046700020696E2025730A0070B5074D5FF00004B5
:10468000064905EBC40255F83400FFF717FF641C18
:10469000022CF5D370BD00009C6B0108D10301080A
:1046A00010B5084C206848B1FFF7C9FE2168496879
:1046B000081AB0F1004F00D3002010BD4FF0FF30BA
:1046C00010BD0000EC000024094800211CB5074B78
:1046D0000322016041608160CDE9002308484FF466
:1046E00080620B4603A101F08BFF1CBDC8010024B2
:1046F0008C6904245461736B5F4C6F6F7000000011
:1047000055BD000838B50D460446FBF783FE134837
:104710000621C0E900450830FFF752FE002806D008
:104720000FA340F261221AA122A0F8F7B3FB0B48B5
:104730000C30FFF772FE002806D009A340F2652274
:1047400026A11CA0F8F7A6FB00202D494FF480639A
:10475000024600902BA0FFF798FE38BDC000002451
:104760002E2E2F4D6964646C6577617265732F54CA
:10477000686972645F50617274792F4C7749502F69
:104780007372632F6170692F74637069702E630098
:104790006661696C656420746F206372656174651D
:1047A0002074637069705F746872656164206D6203
:1047B0006F780000417373657274696F6E202225F3
:1047C0007322206661696C6564206174206C696E77
:1047D0006520256420696E2025730A006661696C76
:1047E000656420746F20637265617465206C6F630B
:1047F0006B5F74637069705F636F726500000000C7
:104800001149010874637069705F7468726561644E
:10481000000000002DE9F04190460D460646124882
:10482000FFF7F1FD28B9FC2210A31CA11FA0F8F787
:1048300031FB0620FCF7F4FE04004FF0FF370FD0E9
:10484000C4E901650020207007482146C4F80C80A7
:10485000FFF7CFFD002804D006202146FCF746FED6
:104860003846BDE8F0810000C80000242E2E2F4DF0
:104870006964646C6577617265732F5468697264EA
:104880005F50617274792F4C7749502F7372632F88
:104890006170692F74637069702E6300496E766170
:1048A0006C6964206D626F7800000000417373656D
:1048B0007274696F6E2022257322206661696C65AF
:1048C00064206174206C696E6520256420696E2007
:1048D00025730A0091F8312012F0180F01D0024A16
:1048E00000E0024AFFF796BF71E600080DF20008EB
:1048F00070B50D4604460548FFF78AFD2846A047D7
:104900000248FFF799FD002070BD0000CC00002494
:1049100008B51E48FFF77CFD1C480C38016809B13A
:1049200040688847194E4FEA0D05361FFFF7B8FE5D
:104930000446401C0FD0F4B11448FFF77DFD224619
:1049400029463046FFF7BEFC04461048FFF760FDDD
:10495000641C10D00AE00D48FFF76EFD00222946C6
:104960003046FFF7AFFC0948FFF752FD009828B129
:1049700000F04AF8D6E7FFF7EBFCD7E7912204A353
:104980000FA117A0F8F786FACCE70000CC000024AE
:104990002E2E2F4D6964646C6577617265732F5498
:1049A000686972645F50617274792F4C7749502F37
:1049B0007372632F6170692F74637069702E630066
:1049C00074637069705F7468726561643A20696EBF
:1049D00076616C6964206D657373616765000000C2
:1049E000417373657274696F6E202225732220668D
:1049F00061696C6564206174206C696E6520256452
:104A000020696E2025730A0010B50446007800283E
:104A10000BD0012813D002281AD0BDE81040CF22B5
:104A20000EA31AA121A0F8F735BA201D07C8904798
:104A300010B16068FEF7D8FC0620214604E0D4E9F6
:104A40000110884705202146BDE81040FCF74EBD07
:104A5000D4E90110BDE81040084700002E2E2F4D6C
:104A60006964646C6577617265732F5468697264F8
:104A70005F50617274792F4C7749502F7372632F96
:104A80006170692F74637069702E6300746370695C
:104A9000705F7468726561643A20696E76616C69F2
:104AA00064206D6573736167650000004173736511
:104AB0007274696F6E2022257322206661696C65AD
:104AC00064206174206C696E6520256420696E2005
:104AD00025730A0010B500F007F810B1016800292D
:104AE00000D1002010BD0000042801D30020704731
:104AF000014901EB00107047F01904242DE9F05F23
:104B000001B92F4920B12F4C002563681E460FE0E4
:104B10002DA340F2B73238A13DA0F8F7BBF96FF0F2
:104B20000F00BDE8F09FB04201D1012502E0F66818
:104B3000002EF8D16FF0070992BB4FF4404A4FF6B0
:104B4000FF764FF4804B4FF0000C2288571C2780D3
:104B5000B24201D1A4F800A01A4627880CE000BF99
:104B6000B2F81280B84506D10CF1010C1FFA8CFC8A
:104B7000DC45EAD31CE0D268002AF1D13A04120CD9
:104B800016D00FE098420AD05E8A964207D11F687D
:104B90000E68B7420CD059B156B14BB147B1DB6882
:104BA000002BEFD101B109684282016015B104E028
:104BB0004846B6E76168C16060600020B1E7000068
:104BC000AC6B0108F40000242E2E2F4D6964646C38
:104BD0006577617265732F54686972645F506172A2
:104BE00074792F4C7749502F7372632F636F7265FE
:104BF0002F7564702E6300007564705F62696E6467
:104C00003A20696E76616C6964207063620000000E
:104C1000417373657274696F6E202225732220665A
:104C200061696C6564206174206C696E652025641F
:104C300020696E2025730A0011B191F83410491CC7
:104C40000172704710B5EBF7DBFB0349C0F30D00B1
:104C500000F54040088010BDF40000242DE9F04F1D
:104C60000700894687B005D1CF224AA355A15BA092
:104C7000F8F710F9B9F1000F05D1D02245A361A1D1
:104C800056A0F8F707F9788908287CD3644D7C682A
:104C900029686869FAF768F902902088FBF7B8FB81
:104CA00000906088FBF7B4FBDFF878B100268246FD
:104CB000B046DBF8044032E0618A51452DD1029ABA
:104CC0004946204600F0BEF838B3207C400711D496
:104CD000B8F1000F0DD0029860B16869401C09D18D
:104CE000D8F80010D9F80400814203D0216881422D
:104CF00000D1A046A18A009881420ED1606810B10F
:104D00002969884209D136B1E168F160DBF8041005
:104D1000E160CBF8044024B10BE02646E468002CA7
:104D2000CAD15FEA080404D1D9F80400696988424D
:104D300029D108213846FEF71FFD38B115A34FF4DD
:104D4000B87239A125A0F8F7A5F81CE054B1A569FF
:104D5000CDB1334B3A46E06921461033A84707B03E
:104D6000BDE8F08F029870B9287DC0F303100E28BB
:104D700009D0A889083001B23846FEF7FFFB0321AD
:104D80003846F9F729FF07B03846BDE8F04FFEF77F
:104D90002BBB00002E2E2F4D6964646C6577617209
:104DA00065732F54686972645F50617274792F4C17
:104DB0007749502F7372632F636F72652F7564701C
:104DC0002E6300007564705F696E7075743A2069B7
:104DD0006E76616C696420706275660041737365FC
:104DE0007274696F6E2022257322206661696C657A
:104DF00064206174206C696E6520256420696E20D2
:104E000025730A007564705F696E7075743A206965
:104E10006E76616C6964206E6574696600000000DE
:104E2000301A0424F4000024706275665F72656DA8
:104E30006F76655F686561646572206661696C653F
:104E4000640A000070B5040016460D4605D187229D
:104E500015A321A129A0F8F71DF8002D05D188225E
:104E600011A330A125A0F8F715F8217A374831B100
:104E7000426892F83420521CD2B2914212D14EB103
:104E800074B1216861B14069421C09D0AA6811401F
:104E9000104003E024B1216811B14069814201D181
:104EA000012070BD002070BD2E2E2F4D6964646CF2
:104EB0006577617265732F54686972645F506172BF
:104EC00074792F4C7749502F7372632F636F72651B
:104ED0002F7564702E6300007564705F696E707565
:104EE000745F6C6F63616C5F6D617463683A2069B5
:104EF0006E76616C69642070636200004173736553
:104F00007274696F6E2022257322206661696C6558
:104F100064206174206C696E6520256420696E20B0
:104F200025730A007564705F696E7075745F6C6FCD
:104F300063616C5F6D617463683A20696E76616C61
:104F40006964206E6574696600000000301A0424EC
:104F5000002810B513D00268002A10D000290ED006
:104F60000A68002A0BD0064A526806E013680468F3
:104F7000A34201D10B681360D268002AF6D110BD9C
:104F8000F4000024002010B5FCF74AFB040004D014
:104F90002021EBF76EFAFF20E072204610BDFFF7EC
:104FA000F1BF000010B1C0E90612704703A340F240
:104FB0008A420EA113A0F7F76DBF00002E2E2F4DD1
:104FC0006964646C6577617265732F546869726493
:104FD0005F50617274792F4C7749502F7372632F31
:104FE000636F72652F7564702E6300007564705F67
:104FF000726563763A20696E76616C6964207063CD
:1050000062000000417373657274696F6E2022251F
:105010007322206661696C6564206174206C696E1E
:105020006520256420696E2025730A0030B10E4981
:105030004A68824211D1D2684A6010E00BA340F264
:10504000A14216A11BA0F7F725BFD16821B181426B
:1050500002D1C168D16002E00A46002AF5D10146BA
:105060000020FCF743BA0000F40000242E2E2F4D40
:105070006964646C6577617265732F5468697264E2
:105080005F50617274792F4C7749502F7372632F80
:10509000636F72652F7564702E6300007564705FB6
:1050A00072656D6F76653A20696E76616C69642011
:1050B00070636200417373657274696F6E2022259C
:1050C0007322206661696C6564206174206C696E6E
:1050D0006520256420696E2025730A0010B56FF0E5
:1050E0000F0430B151B1838A021DBDE8104000F0B9
:1050F00053B807A340F2D51211A103E004A34FF463
:10510000EB7215A11AA0F7F7C5FE204610BD0000EE
:105110002E2E2F4D6964646C6577617265732F5410
:10512000686972645F50617274792F4C7749502FAF
:105130007372632F636F72652F7564702E63000046
:105140007564705F73656E643A20696E76616C6930
:1051500064207063620000007564705F73656E6444
:105160003A20696E76616C69642070627566000031
:10517000417373657274696F6E20222573222066F5
:1051800061696C6564206174206C696E65202564BA
:1051900020696E2025730A002DE9F8430400984623
:1051A0006FF00F070E46154608D066B1002D0FD0E0
:1051B000207A002816D0FDF7B9F816E011A34FF4B5
:1051C00006721CA108E00FA340F219221FA103E000
:1051D0000CA340F21A2224A12AA0F7F75BFE38465E
:1051E000BDE8F8831046FAF7EBFA38B143462A4691
:1051F00031460090204600F059F8F1E76FF00300C7
:10520000EEE700002E2E2F4D6964646C65776172A5
:1052100065732F54686972645F50617274792F4CA2
:105220007749502F7372632F636F72652F756470A7
:105230002E6300007564705F73656E64746F3A204E
:10524000696E76616C696420706362007564705F7A
:1052500073656E64746F3A20696E76616C69642060
:1052600070627566000000007564705F73656E643F
:10527000746F3A20696E76616C6964206473745F40
:1052800069700000417373657274696F6E20222526
:105290007322206661696C6564206174206C696E9C
:1052A0006520256420696E2025730A007CB5069C64
:1052B0006FF00F0588B1A9B1002A18D0002C1BD0BF
:1052C0000568002D21D0C5F303160E2E1DD066688B
:1052D000B5421CD06FF003007CBD10A34FF42072C8
:1052E0001AA10DE00DA340F281221FA108E00BA33B
:1052F00040F2822223A103E008A340F2832229A1E5
:1053000030A0F7F7C7FD28467CBD251D00E0054607
:10531000CDE9004500F06AF87CBD00002E2E2F4D2F
:105320006964646C6577617265732F54686972642F
:105330005F50617274792F4C7749502F7372632FCD
:10534000636F72652F7564702E6300007564705F03
:1053500073656E64746F5F69663A20696E76616C1E
:1053600069642070636200007564705F73656E64C9
:10537000746F5F69663A20696E76616C696420704B
:10538000627566007564705F73656E64746F5F69E3
:10539000663A20696E76616C6964206473745F6933
:1053A000700000007564705F73656E64746F5F6990
:1053B000663A20696E76616C6964206E6574696610
:1053C00000000000417373657274696F6E202225BE
:1053D0007322206661696C6564206174206C696E5B
:1053E0006520256420696E2025730A002DE9FE4F93
:1053F000DDE90C8906009B466FF00F0492460D46CE
:105400000DD08DB1BAF1000F13D05FEA090015D0AD
:105410005FEA080017D0728A002A1ED023E038A362
:1054200040F2D12242A112E035A340F2D22248A19B
:105430000DE033A340F2D3224DA108E030A34FF496
:10544000357254A103E02EA340F2D5225AA163A0E5
:10545000F7F720FD2046BDE8FE8F31460846FFF7EE
:105460004DFB0028F7D128894FF0FF3700F10801E4
:1054700089B2814213D308212846FDF753FB80B13E
:10548000082122204FF42072FDF7B0FB040006D063
:10549000288938B129462046FDF7C8FD02E0384684
:1054A000D9E72C466089082806D215A340F20D32B0
:1054B00054A14AA0F7F7EEFC708A6768FAF7A8FFD4
:1054C00038805846FAF7A4FF78800021F9802089B7
:1054D000FAF79EFFB8801120B17A5246F37ACDE9EF
:1054E000001049462046CDF80880F9F769FFAC4224
:1054F000064602D02046FDF777FF3046ABE70000B6
:105500002E2E2F4D6964646C6577617265732F541C
:10551000686972645F50617274792F4C7749502FBB
:105520007372632F636F72652F7564702E63000052
:105530007564705F73656E64746F5F69665F7372C4
:10554000633A20696E76616C696420706362000062
:105550007564705F73656E64746F5F69665F7372A4
:10556000633A20696E76616C6964207062756600CA
:105570007564705F73656E64746F5F69665F737284
:10558000633A20696E76616C6964206473745F6944
:10559000700000007564705F73656E64746F5F699E
:1055A000665F7372633A20696E76616C696420731A
:1055B00072635F69700000007564705F73656E648C
:1055C000746F5F69665F7372633A20696E76616CAF
:1055D0006964206E6574696600000000417373653C
:1055E0007274696F6E2022257322206661696C6572
:1055F00064206174206C696E6520256420696E20CA
:1056000025730A00636865636B20746861742066A3
:105610006972737420706275662063616E20686FB2
:105620006C6420737472756374207564705F686451
:105630007200000000280BD0002909D0002A07D0F2
:1056400004E000BF10F8013B01F8013B521EF9D203
:105650007047D0E9013201699A60D0E901235A60AC
:105660004A68824201D182684A6000220261086869
:10567000401E08600868704710B5040006D000F0AE
:105680000FF9A46B00F02CF9204610BD502080F3D8
:105690001188BFF34F8FBFF36F8FFEE708B1806BA8
:1056A0007047502080F31188BFF34F8FBFF36F8F87
:1056B000FEE7000010B5044C8023046004F15400A0
:1056C0000860136010BD0000500204242DE9F04171
:1056D0004FF4C83700F014FB054600F017FBC5F582
:1056E000C834064617A0F7F7D5FB6422394620A038
:1056F000F7F7D0FBAA0A294625A0F7F7CBFBA20AA9
:1057000021462BA0F7F7C6FBB20A314630A0F7F7C7
:10571000C1FB00EE104ADFED370A9FED371AB8EEF5
:10572000400A36A0C0EE201A21EE810AB7EEC00A68
:1057300053EC102BF7F7AEFBBDE8F04134A0F7F7C0
:10574000A9BB00000A3D3D3D3D3D3D3D3D3D204660
:1057500072656552544F53204865617020557361DE
:105760006765203D3D3D3D3D3D3D3D3D3D0A0000E1
:10577000546F74616C20486561703A20257A7520F9
:105780004279746573203D20257A75204B420A00CA
:105790004672656520486561703A2020257A75203B
:1057A0004279746573203D20257A75204B420A00AA
:1057B0005573656420486561703A2020257A75200C
:1057C0004279746573203D20257A75204B420A008A
:1057D0004D696E204672656520486561703A2025E6
:1057E0007A75204279746573203D20257A75204BA7
:1057F000420A00000000C8470000C84248656170C6
:105800002055736167653A20252E316625250A00EB
:105810003D3D3D3D3D3D3D3D3D3D3D3D3D3D3D3DB8
:105820003D3D3D3D3D3D3D3D3D3D3D3D3D3D3D3DA8
:105830003D3D3D3D3D3D3D3D0A0000004FF0FF3305
:1058400000F108010022C0E901130260C16001619A
:10585000704700210161704730B50B685A1C02D0B7
:1058600000F1080202E0026904E02246546825685B
:105870009D42FAD953684B6099608A605160086113
:105880000168491C016030BD42684A6093688B60C2
:1058900093685960916008610168491C0160704714
:1058A000502080F31188BFF34F8FBFF36F8F0A49E9
:1058B0004868401C486001280CD10848006810F076
:1058C000FF0F07D0502080F31188BFF34F8FBFF335
:1058D0006F8FFEE7704700006C01002404ED00E0CC
:1058E0000849486828B1401E486001D180F31188FA
:1058F0007047502080F31188BFF34F8FBFF36F8F35
:10590000FEE700006C01002470B500282AD0164D77
:10591000A0F1080461686869014207D1502080F352
:105920001188BFF34F8FBFF36F8FFEE722683AB144
:10593000502080F31188BFF34F8FBFF36F8FFEE7C6
:105940008143616000F0A6F9606869680844686096
:105950002046FEF777FA2869401C2861BDE87040B0
:1059600000F0FABF70BD00004C0100244FF0E020B1
:10597000002101614FF47A728161072303490968AC
:10598000B1FBF2F1491E416103617047B40000248C
:1059900010B5EAF7E9FC114910280ED300F1E02018
:1059A0000A7890F8F003904207D2502080F31188D3
:1059B000BFF34F8FBFF36F8FFEE709488968006818
:1059C00000F4E060884207D9502080F31188BFF3CB
:1059D0004F8FBFF36F8FFEE710BD00006C010024F6
:1059E0000CED00E010B504000AD000F013F894F8B4
:1059F000460000280CD12046BDE81040FFF784BFC8
:105A0000502080F31188BFF34F8FBFF36F8FFEE7F5
:105A100010BD0000084A002102EBC1035B6883420D
:105A200006D102EBC103002042F8310058607047F4
:105A3000491C0829F0D37047381B0424020010B514
:105A400014D00F48006B38B1502080F31188BFF399
:105A50004F8FBFF36F8FFEE700F01CF90021104657
:105A6000FEF730F800F078FF002807D105494FF025
:105A700080500860BFF34F8FBFF36F8F10BD0000E1
:105A80001001002404ED00E070B50546FFF708FFA3
:105A9000254C05B92568281DFFF7DBFD58B9E86AD4
:105AA000224A00EB800152F8211021B9226901211C
:105AB00081408A432261A86A18B105F11800FFF7F6
:105AC000C8FD606A401C60622068854208D11748A2
:105AD000291DC830FFF7D8FE6068401C606007E0F1
:105AE000A068401EA0602846FEF7D5F8FEF7DEF954
:105AF000FFF7F6FE6069002814D02068854211D1B6
:105B0000206B38B1502080F31188BFF34F8FBFF363
:105B10006F8FFEE706494FF080500860BFF34F8F4C
:105B2000BFF36F8F70BD000010010024781B0424A8
:105B300004ED00E002490A6A0260C96841607047EA
:105B40001001002401490120C861704710010024A0
:105B500010B50C4650B1094909681831FFF77CFEB1
:105B60002046BDE810400121FDF7ACBF502080F376
:105B70001188BFF34F8FBFF36F8FFEE71001002432
:105B800070B50028044649D0A26CA2B1606C88426E
:105B900000D30146E06A884240D0012A3ED1204D20
:105BA0002A6894420FD1502080F31188BFF34F8FA1
:105BB000BFF36F8FFEE7502080F31188BFF34F8F44
:105BC000BFF36F8FFEE7A269E162002A02DBC1F139
:105BD0000701A161134E00EB8000616906EB8000B4
:105BE00081421BD1201DFFF734FD00284FF001003A
:105BF00006D194F82C20296900FA02F29143296118
:105C0000E16A2A6988401043286101EB8100211D67
:105C100006EB8000BDE87040FFF736BE70BD0000A7
:105C200010010024781B042410B586B0002405AAB6
:105C300004A9039403A80494FFF73CFDDDE90301E4
:105C400000940023CDE9011010480EA1059A00F040
:105C500004FD0F490028C86211D0502080F311883C
:105C6000BFF34F8FBFF36F8F01224FF0FF30886279
:105C70004A61CC6006B0BDE8104000F04DB806B0F7
:105C800010BD000049444C45000000001D3D0108C6
:105C9000100100240248016B491C01637047000099
:105CA000100100241448016B11B10121C16170473A
:105CB0000021C16111490269B2FA82F2C2F11F02E8
:105CC00002EB820251F822306BB101EB820101F14B
:105CD00008034A6852684A609A4201D152684A6091
:105CE000D16801607047502080F31188BFF34F8F57
:105CF000BFF36F8FFEE7000010010024781B04241F
:105D000001484068704700004C0100240148806849
:105D1000704700004C01002437481CB53749026821
:105D20008A4207D1502080F31188BFF34F8FBFF311
:105D30006F8FFEE731490068491E884207D1502025
:105D400080F31188BFF34F8FBFF36F8FFEE72C49AD
:105D5000FF200A780192087008788DF800009DF8FD
:105D600000209DF8000002F0F002824207D050208F
:105D700080F31188BFF34F8FBFF36F8FFEE79DF85D
:105D8000002007201F4C02F050022270A06005E0A6
:105D90009DF8002052008DF80020401E9DF8002044
:105DA0001206F5D40328A06007D0502080F3118894
:105DB000BFF34F8FBFF36F8FFEE74FF44070A060CB
:105DC000019808700C482030016841F470010160AE
:105DD000016841F070410160FFF7C8FD002060607C
:105DE000EAF78AFA0848016841F040410160EAF7A1
:105DF0006FFA00201CBD000000ED00E071C20F41F1
:105E000000E400E06C01002434EF00E000210246D1
:105E1000012010B500F012F80446FDF7AFFF204650
:105E200010BD38B500220B4611460090012000F04D
:105E300026F80446FDF7A2FF204638BDF8B5050058
:105E400017460E4613D005FB06F04830FEF78EF8D5
:105E500004000AD0002084F8460004F148023B46C2
:105E6000314628460094FDF794FF2046F8BD5020A7
:105E700080F31188BFF34F8FBFF36F8FFEE7F8B544
:105E8000069D18B153B1CAB181B120E0502080F312
:105E90001188BFF34F8FBFF36F8FFEE7502080F361
:105EA0001188BFF34F8FBFF36F8FFEE7502080F351
:105EB0001188BFF34F8FBFF36F8FFEE739B15020CA
:105EC00080F31188BFF34F8FBFF36F8FFEE7482435
:105ED0001C46012683F8466000932B46FDF759FFC8
:105EE0002046F8BD2DE9F04704008A4629D0FFF787
:105EF000D7FC21680025D4E90F23D4F840C004F171
:105F0000100810460E46401E4FF0FF3902FB0312E8
:105F100000FB0C10BAF1000FA563666084F8449092
:105F200084F84590C4E9022013D04046FFF786FC70
:105F300004F12400FFF782FCFFF7D2FC0120BDE84A
:105F4000F087502080F31188BFF34F8FBFF36F8F1E
:105F5000FEE720690028EFD0404600F0C3FC00288F
:105F6000EAD004494FF080500860BFF34F8FBFF371
:105F70006F8FE1E704ED00E02DE9FF4704001D46C7
:105F800082B08A464FF0000803D0BAF1000F08D063
:105F900011E0502080F31188BFF34F8FBFF36F8F54
:105FA000FEE7206C38B1502080F31188BFF34F8F8B
:105FB000BFF36F8FFEE7022D0AD1E06B012807D0F7
:105FC000502080F31188BFF34F8FBFF36F8FFEE730
:105FD00000F06EFB3F4F4FF080564FF0000948B97C
:105FE000049838B1502080F31188BFF34F8FBFF36E
:105FF0006F8FFEE7FFF754FCA06BE16B884207D37D
:10600000022D05D00498D0B1B8F1000F1AD01EE0CF
:106010002A4651462046FDF708FE616A19B104F18F
:10602000240000F05FFC20B13E60BFF34F8FBFF350
:106030006F8FFFF755FC012006B0BDE8F087FFF732
:106040004FFC22E06846FFF775FD4FF00108FFF7AF
:1060500047FCFFF71FFEFFF723FC94F94400401CA8
:1060600001D184F8449094F94500401C01D184F892
:106070004590FFF735FC04A9684600F085FA30B179
:106080002046FDF737FF00F067FC0020D4E7FFF75C
:1060900007FCA06BE16B884213D1FFF721FC049948
:1060A00004F11000FFF754FD2046FDF723FF00F038
:1060B00053FC00289ED13E60BFF34F8FBFF36F8F1C
:1060C00098E7FFF70DFC2046FDF714FF00F044FCB5
:1060D00090E7000004ED00E02DE9F04704001F46C2
:1060E0009046894603D0B9F1000F08D011E0502046
:1060F00080F31188BFF34F8FBFF36F8FFEE7206CE3
:1061000038B1502080F31188BFF34F8FBFF36F8FEA
:10611000FEE7022F0AD1E06B012807D0502080F360
:106120001188BFF34F8FBFF36F8FFEE7FFF730FC8F
:106130005020EFF3118680F31188BFF34F8FBFF328
:106140006F8FA06BE16B884206D3022F04D0002032
:1061500086F31188BDE8F08794F94550A06B3A4664
:1061600049462046FDF761FD681C04D06D1C84F88B
:1061700045500120ECE7606A0028FAD004F12400C1
:1061800000F0B0FB0028F4D0B8F1000FF1D00121ED
:10619000C8F80010EDE770B504000E4609D0206C79
:1061A00078B1502080F31188BFF34F8FBFF36F8F0A
:1061B000FEE7502080F31188BFF34F8FBFF36F8F3E
:1061C000FEE7206848B9A06838B1502080F31188F4
:1061D000BFF34F8FBFF36F8FFEE7FFF7D9FB502060
:1061E000EFF3118580F31188BFF34F8FBFF36F8FEB
:1061F000D4E90E10884218D994F94500491CA163CE
:10620000411C04D0401C84F8450001200EE0606A67
:106210000028FAD004F1240000F064FB0028F4D038
:10622000002EF2D001203060EFE7002085F31188C6
:1062300070BD00002DE9F74704008A4683B04FF097
:10624000000603D0BAF1000F08D011E0502080F30F
:106250001188BFF34F8FBFF36F8FFEE7206C38B10B
:10626000502080F31188BFF34F8FBFF36F8FFEE78D
:1062700000F01EFADFF8F4804FF080574FF000096D
:1062800048B9059838B1502080F31188BFF34F8F7B
:10629000BFF36F8FFEE7FFF703FBA56BC5B1514658
:1062A0002046FDF7AFFC6D1EA563206950B104F1D7
:1062B000100000F017FB28B1C8F80070BFF34F8F33
:1062C000BFF36F8FFFF70CFB012006B0BDE8F0872E
:1062D000059808B11EB106E0FFF702FB27E068460B
:1062E000FFF728FC0126FFF7FBFAFFF7D3FCFFF7C7
:1062F000D7FA94F94400401C01D184F8449094F9F1
:106300004500401C01D184F84590FFF7E9FA05A942
:10631000684600F039F9002820460AD0FDF7EAFD6A
:1063200000F01AFB2046FDF7B3FD0028B3D0002093
:10633000CBE7FDF7ADFD90B1059904F12400FFF71F
:1063400007FC2046FDF7D6FD00F006FB0028A2D191
:10635000C8F80070BFF34F8FBFF36F8F9BE72046E5
:10636000FDF7C8FD00F0F8FA95E7000004ED00E045
:106370002DE9F04704009046894603D0B9F1000F9B
:1063800008D011E0502080F31188BFF34F8FBFF386
:106390006F8FFEE7206C38B1502080F31188BFF377
:1063A0004F8FBFF36F8FFEE7FFF7F2FA5020EFF346
:1063B000118680F31188BFF34F8FBFF36F8FA76BE8
:1063C000FFB194F9445049462046FDF71BFC681C78
:1063D000A7F10107A76304D06D1C84F84450012085
:1063E00010E020690028FAD004F1100000F07AFAD9
:1063F0000028F4D0B8F1000FF1D00121C8F8001046
:10640000EDE7002086F31188BDE8F0872DE9F3431E
:106410004FF000060400354683B009D0206C78B1F7
:10642000502080F31188BFF34F8FBFF36F8FFEE7CB
:10643000502080F31188BFF34F8FBFF36F8FFEE7BB
:1064400000F036F9DFF83C814FF080574FF000093B
:1064500048B9049838B1502080F31188BFF34F8FAA
:10646000BFF36F8FFEE7FFF71BFAA06BC8B121687F
:10647000401EA06311B9FDF7E7FDA060206950B18F
:1064800004F1100000F02EFA28B1C8F80070BFF334
:106490004F8FBFF36F8FFFF723FA012005B0BDE8E0
:1064A000F083049808B166B10FE03DB1502080F34D
:1064B0001188BFF34F8FBFF36F8FFEE7FFF710FA1E
:1064C0005EE06846FFF736FB0126FFF709FAFFF7A3
:1064D000E1FBFFF7E5F994F94400401C01D184F891
:1064E000449094F94500401C01D184F84590FFF791
:1064F000F7F904A9684600F047F80028204612D0B2
:10650000FDF7F8FC00F028FA2046FDF7C1FC002852
:10651000A9D075B3FFF7C4F9606A58B3206B00685F
:10652000C0F1070128E0FDF7B3FCE0B1206838B9FD
:10653000FFF7B6F9A06800F08DF90546FFF7D0F92E
:10654000049904F12400FFF703FB2046FDF7D2FC79
:1065500000F002FA002886D1C8F80070BFF34F8F10
:10656000BFF36F8F7FE72046FDF7C4FC00F0F4F91E
:1065700079E705E0FFE70021A068FFF701FB9DE751
:1065800000208BE704ED00E02DE9F04105000C460A
:1065900012D0CCB1FFF784F9184E2068F268471C7E
:1065A0006B68A2EB030117D02F68366AB74215D08B
:1065B000934213D801251CE0502080F31188BFF3CB
:1065C0004F8FBFF36F8FFEE7502080F31188BFF32A
:1065D0004F8FBFF36F8FFEE700250AE0884205D991
:1065E000401A20602846FFF7A5FAF5E70020206052
:1065F0000125FFF775F92846BDE8F0811001002458
:106600002DE9FF5F994616468A4683469000DDE9EC
:106610000E87FDF7ABFC05001CD05420FDF7A6FC4F
:10662000040014D00020256384F851004B46CDE9C6
:106630000087CDE90240324651465846FDF7B4FB8B
:106640002046FDF777FA012004B0BDE8F09F284608
:10665000FFF75AF94FF0FF30F6E7F0B585B0DDE906
:106660000B740A9DA7B1DCB154262763022684F877
:106670005160002703970DF1100C0095CDE901C47E
:10668000FDF792FB2046FDF755FA049805B0F0BDE2
:10669000502080F31188BFF34F8FBFF36F8FFEE759
:1066A000502080F31188BFF34F8FBFF36F8FFEE749
:1066B0000548416919B1006B18B1002070470120ED
:1066C0007047022070470000100100240148C06894
:1066D000704700001001002410B5FFF759F9014878
:1066E000C06810BD100100242DE9F0412F4C206B33
:1066F000002728B1A069401CA0613846BDE8F081A0
:10670000E668761CE66013D1606B006838B15020F3
:1067100080F31188BFF34F8FBFF36F8FFEE7606B7D
:10672000A16B6163A063206A401C2062FDF7BEFB81
:10673000DFF87C80A06A864209D3606B0068A0B154
:10674000606BC068C5686868864211D2A062206824
:10675000C06A00EB800158F82100012800D9012708
:10676000E0690028C9D00127C7E74FF0FF30EDE707
:10677000281DFEF76EFFA86A18B105F11800FEF794
:1067800068FFE96A0120226988401043206101EB1B
:10679000810108EB8100291DFFF776F82068E96A7E
:1067A000C06A8142C9D30127C7E700001001002455
:1067B000781B042470B504464FF00001F0B3234D5C
:1067C0002868844207D0502080F31188BFF34F8F90
:1067D000BFF36F8FFEE7A06C38B1636C401EE26AB6
:1067E000A0649A422FD040B12DE0502080F3118850
:1067F000BFF34F8FBFF36F8FFEE7201DFEF729FF1A
:10680000134900284FF001000AD1E26A02EB82032B
:1068100051F8233023B92B6900FA02F293432B611C
:10682000626CC2F10703A361E2622B6990401843D6
:10683000286102EB820001EB800000E003E0211DF3
:10684000FFF722F80121084670BD00001001002466
:10685000781B042470B5002804464FF0000036D0A1
:106860001E4DE16A2A68D26A914231D2A06900289D
:1068700004DB2868C06AC0F10700A061184E01EB74
:106880008101606906EB810188421CD1201DFEF761
:10689000E0FE00284FF0010006D194F82C20296971
:1068A00000FA02F2914329612968C96AE1622A6902
:1068B00088401043286101EB8100211D06EB800018
:1068C000FEF7E2FF02E02868C06AE062012070BDC6
:1068D0002968626CC96A8A42F8D370BD100100242D
:1068E000781B04242DE9F041C068C468ACB104F100
:1068F00018000746FEF7ADFE154D0126286BA0B126
:1069000014483946FEF7C0FFE06A2968C96A884220
:106910001CD90120EE61BDE8F081502080F3118880
:10692000BFF34F8FBFF36F8FFEE7201DFEF791FE81
:10693000E06A2A6906FA00F111432961054900EB72
:106940008000B43901EB8000211DDBE70020E2E785
:10695000100100242C1C04242DE9F0472C4D286B39
:106960000024264638B1FEF79BFF286B401E2863A3
:10697000286B40B147E0502080F31188BFF34F8F60
:10698000BFF36F8FFEE7234F0120A968D9B3A7F1AA
:10699000B40980463868E8B1F868C46804F11800A2
:1069A000FEF757FE201DFEF754FEE16A2A6908FA39
:1069B00001F01043286101EB810109EB8100211DE9
:1069C000FEF762FF2968E06AC96A8842E2D3C5F827
:1069D0001C80DFE70CB1FDF769FAAC6944B14746AA
:1069E000FFF782FE00B1EF61641EF9D10020A861BB
:1069F000E86940B1084901264FF080500860BFF3B4
:106A00004F8FBFF36F8FFEF76BFF3046BDE8F08707
:106A1000100100242C1C042404ED00E0506C01083B
:106A200045B4000800000000000000000002000063
:106A30000000000000000000200600005C6C01085F
:106A400049E9000803000000000000005E010000AA
:106A50000000000000000000646C010819E7000855
:106A6000FFFF000000000000000100000000000027
:106A700000000000000610160006101600010203B8
:106A800004050607080C1014182030400000000010
:106A900000000000000000000000000000000000F6
:106AA00001000000020000000300000004000000DC
:106AB00000000000050000000000000000000000D1
:106AC00000000000060000000000000000000000C0
:106AD00000000000070000000100020004000600A2
:106AE00008000A000C001000200040008000000197
:106AF000010101030701000008040204080101016B
:106B00000000000001020304010203040607080953
:106B1000FFFFFFFFFFFF000000000000000000007B
:106B20000C000000690000000B0000007100000074
:106B300073000000160000000B000000620000005F
:106B4000720000006A0000006B000000FFFFFFFF02
:106B500067000000680000006B00000005000000F6
:106B6000200020001800100020001000100010006D
:106B700010000006606B0108626B0108646B01087D
:106B8000666B0108686B01086A6B01086C6B010891
:106B90006E6B0108706B0108726B0108E80300005E
:106BA00061FF0008E8030000F5E4000800000000B1
:106BB00000000000000000000000000004000000D1
:106BC0000000000000000000004040404040404005
:106BD00040404141414141404040404040404040B0
:106BE0004040404040404040400502020202020254
:106BF00002020202020202020220202020202020A3
:106C000020202002020202020202909090909090B6
:106C10001010101010101010101010101010101074
:106C200010101010020202020202888888888888E8
:106C300008080808080808080808080808080808D4
:106C4000080808080202020240000000C96B01089F
:106C500064656661756C745461736B004574684952
:106C6000660000004574684C696E6B006E6574695F
:106C7000662D3E6877616464725F6C656E206D7529
:106C80007374206265207468652073616D6520618E
:106C900073204554485F4857414444525F4C454E29
:106CA00020666F72206574686172702100000000B8
:106CB000E06C01080000002450020400C40A00082F
:106CC000E06C01080000002000900100F0CE0008F8
:106CD0003C75010850020424C00D0300F0CE0008EA
:106CE00001263210322012800A31012413D9171BD9
:106CF00008D1041305181B08E9081AD50401302926
:106D0000542962513C90D003040138027AC01AAA77
:106D10000169D0011A0A21121201FF01FF01FF01CE
:106D2000FF01FF01FF01FF01FF01FF01FF01FF0163
:106D3000FF01FF01FF01FF01FF01FF01FF01FF0153
:106D4000FF01FF01FF01FF01FF01FF01FF01FF0143
:106D5000FF01FF01FF01FF01FF01FF01FF01FF0133
:106D6000FF01FF01FF01FF01FF01FF01FF01FF0123
:106D7000FF01FF01FF01FF01FF01FF01FF01FF0113
:106D8000FF01FF01FF01FF01FF01FF01FF01FF0103
:106D9000FF01FF01FF01FF01FF01FF01FF01FF01F3
:106DA000FF01FF01FF01FF01FF01FF01FF01FF01E3
:106DB000FF01FF01FF01FF01FF01FF01FF01FF01D3
:106DC000FF01FF01FF01FF01FF01FF01FF01FF01C3
:106DD000FF01FF01FF01FF01FF01FF01FF01FF01B3
:106DE000FF01FF01FF01FF01FF01FF01FF01FF01A3
:106DF000FF01FF01FF01FF01FF01FF01FF01FF0193
:106E0000FF01FF01FF01FF01FF01FF01FF01FF0182
:106E1000FF01FF01FF01FF01FF01FF01FF01FF0172
:106E2000FF01FF01FF01FF01FF01FF01FF01FF0162
:106E3000FF01FF01FF01FF01FF01FF01FF01FF0152
:106E4000FF01FF01FF01FF01FF01FF01FF01FF0142
:106E5000FF01FF01FF01FF01FF01FF01FF01FF0132
:106E6000FF01FF01FF01FF01FF01FF01FF01FF0122
:106E7000FF01FF01FF01FF01FF01FF01FF01FF0112
:106E8000FF01FF01FF01FF01FF01FF01FF01FF0102
:106E9000FF01FF01FF01FF01FF01FF01FF01FF01F2
:106EA000FF01FF01FF01FF01FF01FF01FF01FF01E2
:106EB000FF01FF01FF01FF01FF01FF01FF01FF01D2
:106EC000FF01FF01FF01FF01FF01FF01FF01FF01C2
:106ED000FF01FF01FF01FF01FF01FF01FF01FF01B2
:106EE000FF01FF01FF01FF01FF01FF01FF01FF01A2
:106EF000FF01FF01FF01FF01FF01FF01FF01FF0192
:106F0000FF01FF01FF01FF01FF01FF01FF01FF0181
:106F1000FF01FF01FF01FF01FF01FF01FF01FF0171
:106F2000FF01FF01FF01FF01FF01FF01FF01FF0161
:106F3000FF01FF01FF01FF01FF01FF01FF01FF0151
:106F4000FF01FF01FF01FF01FF01FF01FF01FF0141
:106F5000FF01FF01FF01FF01FF01FF01FF01FF0131
:106F6000FF01FF01FF01FF01FF01FF01FF01FF0121
:106F7000FF01FF01FF01FF01FF01FF01FF01FF0111
:106F8000FF01FF01FF01FF01FF01FF01FF01FF0101
:106F9000FF01FF01FF01FF01FF01FF01FF01FF01F1
:106FA000FF01FF01FF01FF01FF01FF01FF01FF01E1
:106FB000FF01FF01FF01FF01FF01FF01FF01FF01D1
:106FC000FF01FF01FF01FF01FF01FF01FF01FF01C1
:106FD000FF01FF01FF01FF01FF01FF01FF01FF01B1
:106FE000FF01FF01FF01FF01FF01FF01FF01FF01A1
:106FF000FF01FF01FF01FF01FF01FF01FF01FF0191
:10700000FF01FF01FF01FF01FF01FF01FF01FF0180
:10701000FF01FF01FF01FF01FF01FF01FF01FF0170
:10702000FF01FF01FF01FF01FF01FF01FF01FF0160
:10703000FF01FF01FF01FF01FF01FF01FF01FF0150
:10704000FF01FF01FF01FF01FF01FF01FF01FF0140
:10705000FF01FF01FF01FF01FF01FF01FF01FF0130
:10706000FF01FF01FF01FF01FF01FF01FF01FF0120
:10707000FF01FF01FF01FF01FF01FF01FF01FF0110
:10708000FF01FF01FF01FF01FF01FF01FF01FF0100
:10709000FF01FF01FF01FF01FF01FF01FF01FF01F0
:1070A000FF01FF01FF01FF01FF01FF01FF01FF01E0
:1070B000FF01FF01FF01FF01FF01FF01FF01FF01D0
:1070C000FF01FF01FF01FF01FF01FF01FF01FF01C0
:1070D000FF01FF01FF01FF01FF01FF01FF01FF01B0
:1070E000FF01FF01FF01FF01FF01FF01FF01FF01A0
:1070F000FF01FF01FF01FF01FF01FF01FF01FF0190
:10710000FF01FF01FF01FF01FF01FF01FF01FF017F
:10711000FF01FF01FF01FF01FF01FF01FF01FF016F
:10712000FF01FF01FF01FF01FF01FF01FF01FF015F
:10713000FF01FF01FF01FF01FF01FF01FF01FF014F
:10714000FF01FF01FF01FF01FF01FF01FF01FF013F
:10715000FF01FF01FF01FF01FF01FF01FF01FF012F
:10716000FF01FF01FF01FF01FF01FF01FF01FF011F
:10717000FF01FF01FF01FF01FF01FF01FF01FF010F
:10718000FF01FF01FF01FF01FF01FF01FF01FF01FF
:10719000FF01FF01FF01FF01FF01FF01FF01FF01EF
:1071A000FF01FF01FF01FF01FF01FF01FF01FF01DF
:1071B000FF01FF01FF01FF01FF01FF01FF01FF01CF
:1071C000FF01FF01FF01FF01FF01FF01FF01FF01BF
:1071D000FF01FF01FF01FF01FF01FF01FF01FF01AF
:1071E000FF01FF01FF01FF01FF01FF01FF01FF019F
:1071F000FF01FF01FF01FF01FF01FF01FF01FF018F
:10720000FF01FF01FF01FF01FF01FF01FF01FF017E
:10721000FF01FF01FF01FF01FF01FF01FF01FF016E
:10722000FF01FF01FF01FF01FF01FF01FF01FF015E
:10723000FF01FF01FF01FF01FF01FF01FF01FF014E
:10724000FF01FF01FF01FF01FF01FF01FF01FF013E
:10725000FF01FF01FF01FF01FF01FF01FF01FF012E
:10726000FF01FF01FF01FF01FF01FF01FF01FF011E
:10727000FF01FF01FF01FF01FF01FF01FF01FF010E
:10728000FF01FF01FF01FF01FF01FF01FF01FF01FE
:10729000FF01FF01FF01FF01FF01FF01FF01FF01EE
:1072A000FF01FF01FF01FF01FF01FF01FF01FF01DE
:1072B000FF01FF01FF01FF01FF01FF01FF01FF01CE
:1072C000FF01FF01FF01FF01FF01FF01FF01FF01BE
:1072D000FF01FF01FF01FF01FF01FF01FF01FF01AE
:1072E000FF01FF01FF01FF01FF01FF01FF01FF019E
:1072F000FF01FF01FF01FF01FF01FF01FF01FF018E
:10730000FF01FF01FF01FF01FF01FF01FF01FF017D
:10731000FF01FF01FF01FF01FF01FF01FF01FF016D
:10732000FF01FF01FF01FF01FF01FF01FF01FF015D
:10733000FF01FF01FF01FF01FF01FF01FF01FF014D
:10734000FF01FF01FF01FF01FF01FF01FF01FF013D
:10735000FF01FF01FF01FF01FF01FF01FF01FF012D
:10736000FF01FF01FF01FF01FF01FF01FF01FF011D
:10737000FF01FF01FF01FF01FF01FF01FF01FF010D
:10738000FF01FF01FF01FF01FF01FF01FF01FF01FD
:10739000FF01FF01FF01FF01FF01FF01FF01FF01ED
:1073A000FF01FF01FF01FF01FF01FF01FF01FF01DD
:1073B000FF01FF01FF01FF01FF01FF01FF01FF01CD
:1073C000FF01FF01FF01FF01FF01FF01FF01FF01BD
:1073D000FF01FF01FF01FF01FF01FF01FF01FF01AD
:1073E000FF01FF01FF01FF01FF01FF01FF01FF019D
:1073F000FF01FF01FF01FF01FF01FF01FF01FF018D
:10740000FF01FF01FF01FF01FF01FF01FF01FF017C
:10741000FF01FF01FF01FF01FF01FF01FF01FF016C
:10742000FF01FF01FF01FF01FF01FF01FF01FF015C
:10743000FF01FF01FF01FF01FF01FF01FF01FF014C
:10744000FF01FF01FF01FF01FF01FF01FF01FF013C
:10745000FF01FF01FF01FF01FF01FF01FF01FF012C
:10746000FF01FF01FF01FF01FF01FF01FF01FF011C
:10747000FF01FF01FF01FF01FF01FF01FF01FF010C
:10748000FF01FF01FF01FF01FF01FF01FF01FF01FC
:10749000FF01FF01FF01FF01FF01FF01FF01FF01EC
:1074A000FF01FF01FF01FF01FF01FF01FF01FF01DC
:1074B000FF01FF01FF01FF01FF01FF01FF01FF01CC
:1074C000FF01FF01FF01FF01FF01FF01FF01FF01BC
:1074D000FF01FF01FF01FF01FF01FF01FF01FF01AC
:1074E000FF01FF01FF01FF01FF01FF01FF01FF019C
:1074F000FF01FF01FF01FF01FF01FF01FF01FF018C
:10750000FF01FF01FF01FF01FF01FF01FF01FF017B
:10751000FF01FF01FF01FF01FF01FF01FF01FF016B
:10752000FF0162C265220113C1CB14080DCC1B08F8
:0C753000F5081A1D081AD108011400000B
:040000050800029954
:00000001FF
